{"stats":{"minecraft:picked_up":{"minecraft:crafting_table":7,"minecraft:iron_chestplate":1,"minecraft:wheat":27,"minecraft:chicken":5,"minecraft:anvil":1,"minecraft:string":1,"minecraft:iron_leggings":1,"minecraft:spruce_planks":3,"minecraft:beef":34,"minecraft:rose_bush":19,"minecraft:written_book":2,"minecraft:poppy":1,"minecraft:iron_pickaxe":2,"minecraft:sugar_cane":11,"minecraft:chest":2,"minecraft:birch_sapling":2,"minecraft:furnace":10,"minecraft:stick":13,"minecraft:torch":38,"minecraft:spruce_stairs":5,"minecraft:spruce_fence":5,"minecraft:porkchop":28,"minecraft:diorite":41,"minecraft:carrot":32,"minecraft:redstone":36,"minecraft:arrow":1,"minecraft:rotten_flesh":16,"minecraft:obsidian":15,"minecraft:mutton":34,"minecraft:white_wool":19,"minecraft:cobblestone":1332,"minecraft:birch_log":56,"minecraft:feather":14,"minecraft:cooked_beef":4,"minecraft:iron_door":1,"minecraft:andesite":45,"minecraft:brown_wool":1,"minecraft:leather":11,"minecraft:oak_log":215,"minecraft:gunpowder":7,"minecraft:cobblestone_stairs":3,"minecraft:lapis_lazuli":29,"minecraft:dirt":102,"minecraft:cooked_mutton":1,"minecraft:bone":13,"minecraft:apple":3,"minecraft:bow":1,"minecraft:wheat_seeds":67,"minecraft:iron_ingot":6,"minecraft:stone_pickaxe":1,"minecraft:iron_ore":127,"minecraft:iron_sword":1,"minecraft:oak_planks":19,"minecraft:book":45,"minecraft:pumpkin":3,"minecraft:dandelion":4,"minecraft:oak_pressure_plate":2,"minecraft:spruce_sapling":5,"minecraft:spruce_log":73,"minecraft:gold_ore":32,"minecraft:diamond":37,"minecraft:lever":7,"minecraft:iron_helmet":2,"minecraft:granite":31,"minecraft:gray_wool":1,"minecraft:oak_sapling":4,"minecraft:black_wool":1,"minecraft:coal":437,"minecraft:diamond_pickaxe":1},"minecraft:used":{"minecraft:enchanting_table":1,"minecraft:ladder":30,"minecraft:chest":6,"minecraft:spruce_planks":33,"minecraft:stone":7,"minecraft:iron_sword":164,"minecraft:stone_hoe":28,"minecraft:torch":137,"minecraft:dirt":73,"minecraft:anvil":2,"minecraft:white_carpet":3,"minecraft:spruce_stairs":5,"minecraft:carrot":28,"minecraft:spruce_fence":4,"minecraft:obsidian":11,"minecraft:wooden_axe":1,"minecraft:bookshelf":14,"minecraft:iron_axe":230,"minecraft:birch_sapling":2,"minecraft:beef":1,"minecraft:written_book":1,"minecraft:oak_sapling":1,"minecraft:furnace":20,"minecraft:cooked_beef":9,"minecraft:wheat_seeds":19,"minecraft:cooked_mutton":14,"minecraft:water_bucket":27,"minecraft:diorite":2,"minecraft:cobblestone_stairs":14,"minecraft:stone_pickaxe":100,"minecraft:oak_planks":130,"minecraft:wooden_pickaxe":4,"minecraft:sugar_cane":11,"minecraft:diamond_axe":191,"minecraft:crafting_table":13,"minecraft:lever":9,"minecraft:diamond_pickaxe":1374,"minecraft:apple":2,"minecraft:brown_wool":1,"minecraft:bread":5,"minecraft:iron_pickaxe":1461,"minecraft:oak_pressure_plate":2,"minecraft:iron_door":2,"minecraft:spruce_sapling":1,"minecraft:diamond_sword":89,"minecraft:wooden_sword":5,"minecraft:cobblestone":549,"minecraft:cooked_porkchop":10,"minecraft:andesite":8,"minecraft:bucket":27},"minecraft:crafted":{"minecraft:wooden_sword":1,"minecraft:oak_planks":336,"minecraft:furnace":10,"minecraft:stone":7,"minecraft:cobblestone_stairs":16,"minecraft:bone_meal":24,"minecraft:lever":2,"minecraft:bookshelf":14,"minecraft:white_carpet":3,"minecraft:cooked_mutton":27,"minecraft:diamond_helmet":1,"minecraft:diamond_leggings":1,"minecraft:iron_boots":1,"minecraft:iron_axe":1,"minecraft:ladder":30,"minecraft:stone_pickaxe":1,"minecraft:chest":4,"minecraft:diamond_boots":1,"minecraft:iron_door":3,"minecraft:stone_hoe":1,"minecraft:cooked_beef":24,"minecraft:diamond_sword":1,"minecraft:emerald":7,"minecraft:cooked_porkchop":23,"minecraft:diamond_axe":1,"minecraft:crafting_table":7,"minecraft:spruce_planks":128,"minecraft:enchanting_table":1,"minecraft:wooden_pickaxe":1,"minecraft:iron_helmet":1,"minecraft:iron_sword":1,"minecraft:bucket":2,"minecraft:birch_planks":24,"minecraft:bread":10,"minecraft:air":0,"minecraft:iron_chestplate":1,"minecraft:diamond_pickaxe":1,"minecraft:charcoal":128,"minecraft:shield":1,"minecraft:stick":148,"minecraft:iron_ingot":103,"minecraft:iron_pickaxe":7,"minecraft:wooden_axe":1,"minecraft:iron_block":3,"minecraft:iron_leggings":1,"minecraft:gold_ingot":19,"minecraft:anvil":1,"minecraft:torch":140,"minecraft:diamond_chestplate":1},"minecraft:killed":{"minecraft:spider":3,"minecraft:skeleton":8,"minecraft:chicken":6,"minecraft:wolf":1,"minecraft:pig":16,"minecraft:creeper":5,"minecraft:sheep":24,"minecraft:zombie":13,"minecraft:cow":20},"minecraft:mined":{"minecraft:diamond_ore":34,"minecraft:spruce_planks":3,"minecraft:cobblestone_stairs":3,"minecraft:stripped_birch_log":1,"minecraft:obsidian":15,"minecraft:lever":6,"minecraft:granite":81,"minecraft:allium":3,"minecraft:grass_block":15,"minecraft:spruce_fence":5,"minecraft:spruce_leaves":7,"minecraft:oxeye_daisy":4,"minecraft:spawner":1,"minecraft:redstone_ore":25,"minecraft:furnace":10,"minecraft:carrots":12,"minecraft:iron_ore":139,"minecraft:andesite":92,"minecraft:pumpkin":3,"minecraft:anvil":1,"minecraft:azure_bluet":14,"minecraft:bookshelf":15,"minecraft:red_tulip":4,"minecraft:stripped_oak_log":1,"minecraft:pink_tulip":9,"minecraft:stone":1937,"minecraft:white_tulip":18,"minecraft:glass_pane":2,"minecraft:dandelion":13,"minecraft:crafting_table":8,"minecraft:torch":7,"minecraft:poppy":21,"minecraft:chest":2,"minecraft:cobblestone":90,"minecraft:lapis_ore":4,"minecraft:sugar_cane":7,"minecraft:oak_planks":19,"minecraft:diorite":75,"minecraft:wall_torch":13,"minecraft:spruce_stairs":5,"minecraft:birch_log":51,"minecraft:wheat":34,"minecraft:spruce_log":63,"minecraft:birch_leaves":3,"minecraft:orange_tulip":16,"minecraft:grass_path":3,"minecraft:grass":61,"minecraft:oak_log":209,"minecraft:coal_ore":314,"minecraft:gravel":5,"minecraft:dirt":83,"minecraft:gold_ore":33,"minecraft:oak_leaves":19,"minecraft:fern":1},"minecraft:dropped":{"minecraft:stone_hoe":1,"minecraft:iron_sword":2,"minecraft:wheat_seeds":31,"minecraft:oak_log":1,"minecraft:feather":7,"minecraft:iron_helmet":2,"minecraft:cobblestone":78,"minecraft:leather":1,"minecraft:stick":8,"minecraft:dirt":1,"minecraft:torch":1,"minecraft:wooden_axe":1,"minecraft:iron_leggings":2,"minecraft:wooden_sword":1,"minecraft:iron_axe":1,"minecraft:iron_pickaxe":2,"minecraft:spruce_sapling":2,"minecraft:redstone":5,"minecraft:rotten_flesh":1,"minecraft:iron_boots":1,"minecraft:cooked_mutton":1,"minecraft:spruce_planks":6,"minecraft:diamond_pickaxe":1,"minecraft:iron_chestplate":2,"minecraft:andesite":1,"minecraft:oak_sapling":2,"minecraft:wooden_pickaxe":1,"minecraft:stone_pickaxe":2,"minecraft:written_book":2},"minecraft:broken":{"minecraft:iron_pickaxe":4},"minecraft:killed_by":{"minecraft:creeper":1},"minecraft:custom":{"minecraft:mob_kills":96,"minecraft:animals_bred":1,"minecraft:interact_with_crafting_table":47,"minecraft:leave_game":9,"minecraft:time_since_death":2478,"minecraft:climb_one_cm":16140,"minecraft:sprint_one_cm":665992,"minecraft:walk_one_cm":633549,"minecraft:damage_blocked_by_shield":620,"minecraft:drop":40,"minecraft:talked_to_villager":2,"minecraft:deaths":1,"minecraft:sneak_time":2199,"minecraft:walk_under_water_one_cm":2814,"minecraft:jump":2705,"minecraft:walk_on_water_one_cm":29689,"minecraft:enchant_item":1,"minecraft:interact_with_furnace":127,"minecraft:traded_with_villager":7,"minecraft:play_one_minute":258963,"minecraft:time_since_rest":2552,"minecraft:damage_taken":2390,"minecraft:damage_dealt":13209,"minecraft:swim_one_cm":29786,"minecraft:fly_one_cm":402322,"minecraft:open_chest":58,"minecraft:crouch_one_cm":2264,"minecraft:fall_one_cm":56924}},"DataVersion":1631}