{"stats":{"minecraft:picked_up":{"minecraft:wheat":16,"minecraft:crafting_table":6,"minecraft:iron_chestplate":1,"minecraft:chicken":2,"minecraft:string":1,"minecraft:iron_leggings":1,"minecraft:spruce_planks":3,"minecraft:beef":18,"minecraft:written_book":2,"minecraft:rose_bush":19,"minecraft:iron_pickaxe":2,"minecraft:furnace":6,"minecraft:stick":13,"minecraft:torch":22,"minecraft:spruce_stairs":5,"minecraft:spruce_fence":4,"minecraft:porkchop":23,"minecraft:diorite":2,"minecraft:carrot":10,"minecraft:redstone":5,"minecraft:arrow":1,"minecraft:rotten_flesh":14,"minecraft:mutton":19,"minecraft:white_wool":9,"minecraft:cobblestone":465,"minecraft:birch_log":16,"minecraft:feather":3,"minecraft:cooked_beef":4,"minecraft:andesite":26,"minecraft:leather":4,"minecraft:oak_log":172,"minecraft:gunpowder":7,"minecraft:lapis_lazuli":29,"minecraft:dirt":18,"minecraft:cooked_mutton":1,"minecraft:bone":13,"minecraft:apple":2,"minecraft:bow":1,"minecraft:wheat_seeds":36,"minecraft:iron_ingot":6,"minecraft:stone_pickaxe":1,"minecraft:iron_ore":110,"minecraft:iron_sword":1,"minecraft:book":42,"minecraft:oak_pressure_plate":2,"minecraft:spruce_sapling":3,"minecraft:spruce_log":17,"minecraft:gold_ore":18,"minecraft:diamond":37,"minecraft:iron_helmet":2,"minecraft:granite":9,"minecraft:gray_wool":1,"minecraft:oak_sapling":2,"minecraft:black_wool":1,"minecraft:coal":265},"minecraft:used":{"minecraft:spruce_planks":3,"minecraft:iron_sword":164,"minecraft:torch":94,"minecraft:dirt":4,"minecraft:spruce_stairs":5,"minecraft:carrot":5,"minecraft:spruce_fence":4,"minecraft:wooden_axe":1,"minecraft:iron_axe":230,"minecraft:written_book":1,"minecraft:furnace":8,"minecraft:cooked_beef":6,"minecraft:wheat_seeds":5,"minecraft:cooked_mutton":14,"minecraft:diorite":2,"minecraft:stone_pickaxe":100,"minecraft:wooden_pickaxe":4,"minecraft:diamond_axe":32,"minecraft:crafting_table":10,"minecraft:diamond_pickaxe":222,"minecraft:apple":2,"minecraft:bread":4,"minecraft:iron_pickaxe":1461,"minecraft:oak_pressure_plate":2,"minecraft:spruce_sapling":1,"minecraft:diamond_sword":39,"minecraft:wooden_sword":5,"minecraft:cobblestone":242,"minecraft:cooked_porkchop":6,"minecraft:andesite":8},"minecraft:crafted":{"minecraft:wooden_sword":1,"minecraft:furnace":2,"minecraft:cooked_mutton":14,"minecraft:diamond_helmet":1,"minecraft:diamond_leggings":1,"minecraft:iron_boots":1,"minecraft:iron_axe":1,"minecraft:stone_pickaxe":1,"minecraft:diamond_boots":1,"minecraft:cooked_beef":12,"minecraft:diamond_sword":1,"minecraft:emerald":7,"minecraft:cooked_porkchop":11,"minecraft:diamond_axe":1,"minecraft:crafting_table":4,"minecraft:spruce_planks":56,"minecraft:wooden_pickaxe":1,"minecraft:iron_helmet":1,"minecraft:iron_sword":1,"minecraft:bucket":1,"minecraft:birch_planks":4,"minecraft:air":0,"minecraft:iron_chestplate":1,"minecraft:diamond_pickaxe":1,"minecraft:shield":1,"minecraft:stick":48,"minecraft:iron_ingot":103,"minecraft:iron_pickaxe":7,"minecraft:wooden_axe":1,"minecraft:iron_block":3,"minecraft:iron_leggings":1,"minecraft:gold_ingot":19,"minecraft:anvil":1,"minecraft:torch":44,"minecraft:diamond_chestplate":1},"minecraft:killed":{"minecraft:spider":3,"minecraft:skeleton":8,"minecraft:chicken":3,"minecraft:pig":11,"minecraft:creeper":5,"minecraft:sheep":13,"minecraft:zombie":12,"minecraft:cow":10},"minecraft:mined":{"minecraft:diamond_ore":34,"minecraft:spruce_planks":3,"minecraft:stripped_birch_log":1,"minecraft:granite":61,"minecraft:allium":3,"minecraft:grass_block":9,"minecraft:spruce_fence":4,"minecraft:spruce_leaves":6,"minecraft:oxeye_daisy":4,"minecraft:spawner":1,"minecraft:redstone_ore":17,"minecraft:furnace":6,"minecraft:carrots":3,"minecraft:iron_ore":125,"minecraft:andesite":73,"minecraft:azure_bluet":14,"minecraft:bookshelf":14,"minecraft:red_tulip":4,"minecraft:stripped_oak_log":1,"minecraft:pink_tulip":9,"minecraft:white_tulip":18,"minecraft:stone":1199,"minecraft:glass_pane":2,"minecraft:dandelion":7,"minecraft:crafting_table":6,"minecraft:torch":3,"minecraft:poppy":21,"minecraft:cobblestone":28,"minecraft:lapis_ore":4,"minecraft:diorite":36,"minecraft:wall_torch":3,"minecraft:spruce_stairs":5,"minecraft:birch_log":16,"minecraft:wheat":16,"minecraft:spruce_log":18,"minecraft:birch_leaves":2,"minecraft:orange_tulip":16,"minecraft:grass_path":3,"minecraft:grass":60,"minecraft:oak_log":168,"minecraft:coal_ore":160,"minecraft:gravel":5,"minecraft:dirt":26,"minecraft:gold_ore":18,"minecraft:oak_leaves":13,"minecraft:fern":1},"minecraft:dropped":{"minecraft:iron_sword":2,"minecraft:wheat_seeds":31,"minecraft:iron_helmet":2,"minecraft:cobblestone":78,"minecraft:stick":8,"minecraft:dirt":1,"minecraft:torch":1,"minecraft:wooden_axe":1,"minecraft:iron_leggings":2,"minecraft:wooden_sword":1,"minecraft:iron_axe":1,"minecraft:iron_pickaxe":2,"minecraft:spruce_sapling":2,"minecraft:redstone":5,"minecraft:rotten_flesh":1,"minecraft:iron_boots":1,"minecraft:cooked_mutton":1,"minecraft:spruce_planks":6,"minecraft:iron_chestplate":2,"minecraft:oak_sapling":2,"minecraft:wooden_pickaxe":1,"minecraft:stone_pickaxe":2,"minecraft:written_book":2},"minecraft:broken":{"minecraft:iron_pickaxe":4},"minecraft:custom":{"minecraft:mob_kills":65,"minecraft:animals_bred":1,"minecraft:interact_with_crafting_table":27,"minecraft:leave_game":6,"minecraft:time_since_death":151702,"minecraft:sprint_one_cm":463223,"minecraft:walk_one_cm":355984,"minecraft:damage_blocked_by_shield":620,"minecraft:drop":34,"minecraft:talked_to_villager":2,"minecraft:sneak_time":1524,"minecraft:walk_under_water_one_cm":1714,"minecraft:jump":1721,"minecraft:walk_on_water_one_cm":22756,"minecraft:interact_with_furnace":75,"minecraft:traded_with_villager":7,"minecraft:play_one_minute":151702,"minecraft:time_since_rest":30220,"minecraft:damage_taken":1760,"minecraft:damage_dealt":10046,"minecraft:swim_one_cm":24753,"minecraft:fly_one_cm":267063,"minecraft:open_chest":5,"minecraft:crouch_one_cm":1755,"minecraft:fall_one_cm":37044}},"DataVersion":1631}