{"stats":{"minecraft:killed":{"minecraft:pig":11,"minecraft:spider":1,"minecraft:creeper":3,"minecraft:sheep":12,"minecraft:skeleton":4,"minecraft:zombie":9,"minecraft:cow":9},"minecraft:crafted":{"minecraft:cooked_beef":7,"minecraft:wooden_sword":1,"minecraft:cooked_porkchop":8,"minecraft:crafting_table":2,"minecraft:spruce_planks":56,"minecraft:wooden_pickaxe":1,"minecraft:iron_helmet":1,"minecraft:iron_sword":1,"minecraft:furnace":2,"minecraft:cooked_mutton":14,"minecraft:air":0,"minecraft:iron_boots":1,"minecraft:iron_chestplate":1,"minecraft:shield":1,"minecraft:iron_axe":1,"minecraft:stick":28,"minecraft:iron_ingot":48,"minecraft:iron_pickaxe":3,"minecraft:stone_pickaxe":1,"minecraft:wooden_axe":1,"minecraft:iron_leggings":1,"minecraft:torch":36},"minecraft:dropped":{"minecraft:cooked_mutton":1,"minecraft:wooden_axe":1,"minecraft:oak_sapling":2,"minecraft:wooden_sword":1,"minecraft:wooden_pickaxe":1,"minecraft:stone_pickaxe":2,"minecraft:iron_pickaxe":1},"minecraft:mined":{"minecraft:diamond_ore":7,"minecraft:stripped_birch_log":1,"minecraft:dandelion":7,"minecraft:crafting_table":4,"minecraft:torch":3,"minecraft:granite":14,"minecraft:allium":3,"minecraft:grass_block":6,"minecraft:poppy":21,"minecraft:cobblestone":2,"minecraft:oxeye_daisy":4,"minecraft:diorite":8,"minecraft:wall_torch":3,"minecraft:spawner":1,"minecraft:redstone_ore":7,"minecraft:furnace":4,"minecraft:carrots":3,"minecraft:birch_log":16,"minecraft:iron_ore":78,"minecraft:wheat":14,"minecraft:spruce_log":18,"minecraft:birch_leaves":2,"minecraft:andesite":29,"minecraft:orange_tulip":16,"minecraft:azure_bluet":14,"minecraft:grass":59,"minecraft:bookshelf":7,"minecraft:red_tulip":4,"minecraft:oak_log":168,"minecraft:coal_ore":133,"minecraft:gravel":5,"minecraft:dirt":8,"minecraft:stripped_oak_log":1,"minecraft:pink_tulip":9,"minecraft:stone":270,"minecraft:white_tulip":18,"minecraft:oak_leaves":12},"minecraft:picked_up":{"minecraft:birch_log":16,"minecraft:crafting_table":4,"minecraft:wheat":14,"minecraft:cooked_beef":1,"minecraft:andesite":25,"minecraft:leather":3,"minecraft:oak_log":172,"minecraft:gunpowder":4,"minecraft:dirt":13,"minecraft:string":1,"minecraft:cooked_mutton":1,"minecraft:bone":5,"minecraft:apple":2,"minecraft:wheat_seeds":31,"minecraft:iron_ingot":4,"minecraft:beef":16,"minecraft:stone_pickaxe":1,"minecraft:iron_ore":81,"minecraft:rose_bush":19,"minecraft:iron_pickaxe":1,"minecraft:furnace":4,"minecraft:book":21,"minecraft:torch":19,"minecraft:porkchop":23,"minecraft:spruce_sapling":1,"minecraft:carrot":10,"minecraft:spruce_log":17,"minecraft:arrow":1,"minecraft:rotten_flesh":13,"minecraft:diamond":7,"minecraft:granite":9,"minecraft:gray_wool":1,"minecraft:oak_sapling":2,"minecraft:black_wool":1,"minecraft:mutton":18,"minecraft:coal":224,"minecraft:white_wool":9,"minecraft:cobblestone":99},"minecraft:custom":{"minecraft:interact_with_furnace":48,"minecraft:mob_kills":49,"minecraft:interact_with_crafting_table":16,"minecraft:play_one_minute":64308,"minecraft:leave_game":2,"minecraft:time_since_death":64308,"minecraft:time_since_rest":64308,"minecraft:sprint_one_cm":223790,"minecraft:damage_taken":655,"minecraft:walk_one_cm":137768,"minecraft:damage_blocked_by_shield":290,"minecraft:drop":8,"minecraft:damage_dealt":6514,"minecraft:swim_one_cm":4863,"minecraft:fly_one_cm":116057,"minecraft:open_chest":4,"minecraft:crouch_one_cm":427,"minecraft:sneak_time":675,"minecraft:walk_under_water_one_cm":421,"minecraft:jump":672,"minecraft:walk_on_water_one_cm":5935,"minecraft:fall_one_cm":15413},"minecraft:used":{"minecraft:cooked_mutton":7,"minecraft:stone_pickaxe":100,"minecraft:wooden_pickaxe":4,"minecraft:iron_sword":142,"minecraft:torch":31,"minecraft:crafting_table":6,"minecraft:wooden_axe":1,"minecraft:iron_axe":230,"minecraft:iron_pickaxe":457,"minecraft:wooden_sword":5,"minecraft:cobblestone":21,"minecraft:furnace":4,"minecraft:andesite":8,"minecraft:cooked_beef":5}},"DataVersion":1631}