{"stats":{"minecraft:killed":{"minecraft:sheep":1,"minecraft:cow":1},"minecraft:crafted":{"minecraft:furnace":1,"minecraft:wooden_sword":1,"minecraft:torch":36,"minecraft:crafting_table":2,"minecraft:spruce_planks":28,"minecraft:stick":16,"minecraft:stone_pickaxe":1,"minecraft:wooden_pickaxe":1,"minecraft:wooden_axe":1},"minecraft:mined":{"minecraft:granite":3,"minecraft:coal_ore":23,"minecraft:iron_ore":26,"minecraft:spruce_log":7,"minecraft:stone":14,"minecraft:crafting_table":1},"minecraft:picked_up":{"minecraft:crafting_table":1,"minecraft:granite":5,"minecraft:beef":1,"minecraft:iron_ore":27,"minecraft:spruce_log":7,"minecraft:coal":24,"minecraft:mutton":2,"minecraft:white_wool":1,"minecraft:cobblestone":14},"minecraft:used":{"minecraft:torch":7,"minecraft:wooden_axe":1,"minecraft:wooden_sword":5,"minecraft:crafting_table":3,"minecraft:furnace":1,"minecraft:stone_pickaxe":62,"minecraft:wooden_pickaxe":4},"minecraft:custom":{"minecraft:interact_with_furnace":2,"minecraft:time_since_rest":6000,"minecraft:play_one_minute":6000,"minecraft:sprint_one_cm":9814,"minecraft:damage_taken":20,"minecraft:walk_one_cm":10177,"minecraft:mob_kills":2,"minecraft:jump":15,"minecraft:damage_dealt":180,"minecraft:time_since_death":6000,"minecraft:fall_one_cm":484,"minecraft:interact_with_crafting_table":5,"minecraft:fly_one_cm":3003}},"DataVersion":1631}