{"stats":{"minecraft:picked_up":{"minecraft:crafting_table":6,"minecraft:iron_chestplate":1,"minecraft:wheat":16,"minecraft:string":1,"minecraft:iron_leggings":1,"minecraft:spruce_planks":3,"minecraft:beef":16,"minecraft:rose_bush":19,"minecraft:iron_pickaxe":2,"minecraft:furnace":4,"minecraft:stick":13,"minecraft:torch":21,"minecraft:spruce_stairs":5,"minecraft:spruce_fence":4,"minecraft:porkchop":23,"minecraft:diorite":2,"minecraft:carrot":10,"minecraft:redstone":5,"minecraft:arrow":1,"minecraft:rotten_flesh":13,"minecraft:mutton":19,"minecraft:white_wool":9,"minecraft:cobblestone":463,"minecraft:birch_log":16,"minecraft:cooked_beef":4,"minecraft:andesite":25,"minecraft:leather":3,"minecraft:oak_log":172,"minecraft:gunpowder":4,"minecraft:lapis_lazuli":29,"minecraft:dirt":17,"minecraft:cooked_mutton":1,"minecraft:bone":9,"minecraft:apple":2,"minecraft:wheat_seeds":36,"minecraft:stone_pickaxe":1,"minecraft:iron_ingot":4,"minecraft:iron_ore":110,"minecraft:iron_sword":1,"minecraft:book":42,"minecraft:oak_pressure_plate":2,"minecraft:spruce_sapling":1,"minecraft:spruce_log":17,"minecraft:gold_ore":18,"minecraft:diamond":37,"minecraft:iron_helmet":2,"minecraft:granite":9,"minecraft:gray_wool":1,"minecraft:oak_sapling":2,"minecraft:black_wool":1,"minecraft:coal":241},"minecraft:used":{"minecraft:spruce_planks":3,"minecraft:iron_sword":164,"minecraft:torch":94,"minecraft:dirt":4,"minecraft:spruce_stairs":5,"minecraft:spruce_fence":4,"minecraft:wooden_axe":1,"minecraft:iron_axe":230,"minecraft:furnace":6,"minecraft:cooked_beef":5,"minecraft:wheat_seeds":5,"minecraft:cooked_mutton":14,"minecraft:diorite":2,"minecraft:stone_pickaxe":100,"minecraft:wooden_pickaxe":4,"minecraft:diamond_axe":20,"minecraft:crafting_table":10,"minecraft:diamond_pickaxe":214,"minecraft:iron_pickaxe":1461,"minecraft:oak_pressure_plate":2,"minecraft:diamond_sword":6,"minecraft:wooden_sword":5,"minecraft:cobblestone":222,"minecraft:cooked_porkchop":1,"minecraft:andesite":8},"minecraft:crafted":{"minecraft:wooden_sword":1,"minecraft:furnace":2,"minecraft:cooked_mutton":14,"minecraft:diamond_helmet":1,"minecraft:iron_boots":1,"minecraft:diamond_leggings":1,"minecraft:iron_axe":1,"minecraft:stone_pickaxe":1,"minecraft:diamond_boots":1,"minecraft:cooked_beef":7,"minecraft:diamond_sword":1,"minecraft:cooked_porkchop":8,"minecraft:diamond_axe":1,"minecraft:crafting_table":4,"minecraft:spruce_planks":56,"minecraft:wooden_pickaxe":1,"minecraft:iron_helmet":1,"minecraft:iron_sword":1,"minecraft:birch_planks":4,"minecraft:air":0,"minecraft:iron_chestplate":1,"minecraft:diamond_pickaxe":1,"minecraft:shield":1,"minecraft:stick":48,"minecraft:iron_ingot":66,"minecraft:iron_pickaxe":7,"minecraft:wooden_axe":1,"minecraft:gold_ingot":19,"minecraft:iron_leggings":1,"minecraft:torch":44,"minecraft:diamond_chestplate":1},"minecraft:killed":{"minecraft:spider":3,"minecraft:skeleton":7,"minecraft:pig":11,"minecraft:creeper":3,"minecraft:sheep":13,"minecraft:zombie":10,"minecraft:cow":9},"minecraft:mined":{"minecraft:diamond_ore":34,"minecraft:spruce_planks":3,"minecraft:stripped_birch_log":1,"minecraft:granite":61,"minecraft:allium":3,"minecraft:grass_block":8,"minecraft:spruce_fence":4,"minecraft:spruce_leaves":2,"minecraft:oxeye_daisy":4,"minecraft:spawner":1,"minecraft:redstone_ore":17,"minecraft:furnace":4,"minecraft:carrots":3,"minecraft:iron_ore":125,"minecraft:andesite":72,"minecraft:azure_bluet":14,"minecraft:red_tulip":4,"minecraft:bookshelf":14,"minecraft:stripped_oak_log":1,"minecraft:pink_tulip":9,"minecraft:white_tulip":18,"minecraft:stone":1199,"minecraft:glass_pane":2,"minecraft:dandelion":7,"minecraft:crafting_table":6,"minecraft:torch":3,"minecraft:poppy":21,"minecraft:cobblestone":23,"minecraft:lapis_ore":4,"minecraft:diorite":36,"minecraft:wall_torch":3,"minecraft:spruce_stairs":5,"minecraft:birch_log":16,"minecraft:wheat":16,"minecraft:spruce_log":18,"minecraft:birch_leaves":2,"minecraft:orange_tulip":16,"minecraft:grass_path":3,"minecraft:grass":59,"minecraft:coal_ore":160,"minecraft:oak_log":168,"minecraft:dirt":26,"minecraft:gravel":5,"minecraft:gold_ore":18,"minecraft:oak_leaves":12,"minecraft:fern":1},"minecraft:dropped":{"minecraft:iron_sword":2,"minecraft:wheat_seeds":31,"minecraft:iron_helmet":2,"minecraft:cobblestone":78,"minecraft:stick":8,"minecraft:torch":1,"minecraft:wooden_axe":1,"minecraft:iron_leggings":2,"minecraft:wooden_sword":1,"minecraft:iron_axe":1,"minecraft:iron_pickaxe":2,"minecraft:redstone":5,"minecraft:iron_boots":1,"minecraft:cooked_mutton":1,"minecraft:spruce_planks":6,"minecraft:iron_chestplate":2,"minecraft:oak_sapling":2,"minecraft:stone_pickaxe":2,"minecraft:wooden_pickaxe":1},"minecraft:broken":{"minecraft:iron_pickaxe":4},"minecraft:custom":{"minecraft:mob_kills":56,"minecraft:interact_with_crafting_table":25,"minecraft:leave_game":5,"minecraft:time_since_death":120926,"minecraft:sprint_one_cm":352645,"minecraft:walk_one_cm":296680,"minecraft:damage_blocked_by_shield":620,"minecraft:drop":28,"minecraft:talked_to_villager":1,"minecraft:sneak_time":1423,"minecraft:walk_under_water_one_cm":1008,"minecraft:jump":1206,"minecraft:walk_on_water_one_cm":14257,"minecraft:interact_with_furnace":54,"minecraft:play_one_minute":120926,"minecraft:time_since_rest":120926,"minecraft:damage_taken":929,"minecraft:damage_dealt":8084,"minecraft:swim_one_cm":5788,"minecraft:fly_one_cm":170313,"minecraft:open_chest":4,"minecraft:crouch_one_cm":1488,"minecraft:fall_one_cm":20376}},"DataVersion":1631}