{"stats":{"minecraft:killed":{"minecraft:pig":3,"minecraft:creeper":2,"minecraft:sheep":9,"minecraft:zombie":2,"minecraft:cow":5},"minecraft:crafted":{"minecraft:cooked_beef":7,"minecraft:wooden_sword":1,"minecraft:crafting_table":2,"minecraft:spruce_planks":56,"minecraft:wooden_pickaxe":1,"minecraft:iron_helmet":1,"minecraft:iron_sword":1,"minecraft:furnace":2,"minecraft:cooked_mutton":14,"minecraft:air":0,"minecraft:iron_boots":1,"minecraft:iron_chestplate":1,"minecraft:shield":1,"minecraft:iron_axe":1,"minecraft:stick":24,"minecraft:iron_ingot":38,"minecraft:iron_pickaxe":1,"minecraft:stone_pickaxe":1,"minecraft:wooden_axe":1,"minecraft:iron_leggings":1,"minecraft:torch":36},"minecraft:dropped":{"minecraft:cooked_mutton":1,"minecraft:wooden_axe":1,"minecraft:wooden_sword":1,"minecraft:stone_pickaxe":2,"minecraft:wooden_pickaxe":1,"minecraft:iron_pickaxe":1},"minecraft:mined":{"minecraft:crafting_table":3,"minecraft:granite":7,"minecraft:grass_block":1,"minecraft:wall_torch":2,"minecraft:furnace":2,"minecraft:carrots":3,"minecraft:birch_log":12,"minecraft:iron_ore":45,"minecraft:wheat":14,"minecraft:spruce_log":18,"minecraft:birch_leaves":2,"minecraft:grass":20,"minecraft:bookshelf":7,"minecraft:coal_ore":91,"minecraft:oak_log":66,"minecraft:stone":57,"minecraft:oak_leaves":3},"minecraft:picked_up":{"minecraft:birch_log":12,"minecraft:crafting_table":3,"minecraft:wheat":14,"minecraft:cooked_beef":1,"minecraft:leather":1,"minecraft:oak_log":66,"minecraft:gunpowder":2,"minecraft:dirt":1,"minecraft:cooked_mutton":1,"minecraft:wheat_seeds":28,"minecraft:beef":8,"minecraft:stone_pickaxe":1,"minecraft:iron_ore":47,"minecraft:rose_bush":14,"minecraft:iron_pickaxe":1,"minecraft:furnace":2,"minecraft:book":21,"minecraft:torch":2,"minecraft:porkchop":8,"minecraft:spruce_sapling":1,"minecraft:spruce_log":17,"minecraft:carrot":10,"minecraft:rotten_flesh":3,"minecraft:granite":9,"minecraft:oak_sapling":2,"minecraft:black_wool":1,"minecraft:mutton":14,"minecraft:coal":109,"minecraft:white_wool":8,"minecraft:cobblestone":59},"minecraft:custom":{"minecraft:interact_with_furnace":43,"minecraft:mob_kills":21,"minecraft:interact_with_crafting_table":13,"minecraft:play_one_minute":28528,"minecraft:time_since_death":28528,"minecraft:time_since_rest":28528,"minecraft:sprint_one_cm":75945,"minecraft:damage_taken":136,"minecraft:walk_one_cm":63494,"minecraft:drop":7,"minecraft:damage_dealt":2321,"minecraft:swim_one_cm":662,"minecraft:fly_one_cm":40669,"minecraft:crouch_one_cm":1,"minecraft:sneak_time":5,"minecraft:walk_under_water_one_cm":155,"minecraft:jump":246,"minecraft:walk_on_water_one_cm":3,"minecraft:fall_one_cm":3988},"minecraft:used":{"minecraft:cooked_mutton":3,"minecraft:stone_pickaxe":100,"minecraft:wooden_pickaxe":4,"minecraft:iron_sword":39,"minecraft:torch":11,"minecraft:crafting_table":4,"minecraft:wooden_axe":1,"minecraft:iron_axe":109,"minecraft:iron_pickaxe":99,"minecraft:wooden_sword":5,"minecraft:cobblestone":4,"minecraft:furnace":4,"minecraft:cooked_beef":1}},"DataVersion":1631}