{"stats":{"minecraft:killed":{"minecraft:pig":11,"minecraft:spider":1,"minecraft:creeper":3,"minecraft:sheep":12,"minecraft:skeleton":4,"minecraft:zombie":9,"minecraft:cow":9},"minecraft:crafted":{"minecraft:cooked_beef":7,"minecraft:wooden_sword":1,"minecraft:cooked_porkchop":8,"minecraft:crafting_table":3,"minecraft:spruce_planks":56,"minecraft:wooden_pickaxe":1,"minecraft:iron_helmet":1,"minecraft:iron_sword":1,"minecraft:furnace":2,"minecraft:cooked_mutton":14,"minecraft:air":0,"minecraft:iron_boots":1,"minecraft:iron_chestplate":1,"minecraft:shield":1,"minecraft:iron_axe":1,"minecraft:stick":32,"minecraft:iron_ingot":48,"minecraft:iron_pickaxe":5,"minecraft:stone_pickaxe":1,"minecraft:wooden_axe":1,"minecraft:iron_leggings":1,"minecraft:torch":36},"minecraft:dropped":{"minecraft:wheat_seeds":31,"minecraft:cobblestone":30,"minecraft:cooked_mutton":1,"minecraft:wooden_axe":1,"minecraft:oak_sapling":2,"minecraft:wooden_sword":1,"minecraft:wooden_pickaxe":1,"minecraft:stone_pickaxe":2,"minecraft:iron_pickaxe":1,"minecraft:redstone":5},"minecraft:mined":{"minecraft:diamond_ore":13,"minecraft:stripped_birch_log":1,"minecraft:dandelion":7,"minecraft:crafting_table":4,"minecraft:torch":3,"minecraft:granite":37,"minecraft:allium":3,"minecraft:grass_block":6,"minecraft:poppy":21,"minecraft:cobblestone":2,"minecraft:lapis_ore":4,"minecraft:oxeye_daisy":4,"minecraft:diorite":19,"minecraft:wall_torch":3,"minecraft:spawner":1,"minecraft:redstone_ore":15,"minecraft:furnace":4,"minecraft:carrots":3,"minecraft:birch_log":16,"minecraft:iron_ore":82,"minecraft:wheat":14,"minecraft:spruce_log":18,"minecraft:birch_leaves":2,"minecraft:andesite":45,"minecraft:orange_tulip":16,"minecraft:azure_bluet":14,"minecraft:grass":59,"minecraft:bookshelf":7,"minecraft:red_tulip":4,"minecraft:oak_log":168,"minecraft:coal_ore":136,"minecraft:gravel":5,"minecraft:dirt":22,"minecraft:stripped_oak_log":1,"minecraft:pink_tulip":9,"minecraft:stone":690,"minecraft:white_tulip":18,"minecraft:oak_leaves":12},"minecraft:broken":{"minecraft:iron_pickaxe":3},"minecraft:picked_up":{"minecraft:birch_log":16,"minecraft:crafting_table":4,"minecraft:wheat":14,"minecraft:cooked_beef":1,"minecraft:andesite":25,"minecraft:leather":3,"minecraft:oak_log":172,"minecraft:gunpowder":4,"minecraft:lapis_lazuli":29,"minecraft:dirt":13,"minecraft:string":1,"minecraft:cooked_mutton":1,"minecraft:bone":5,"minecraft:apple":2,"minecraft:wheat_seeds":31,"minecraft:iron_ingot":4,"minecraft:beef":16,"minecraft:stone_pickaxe":1,"minecraft:iron_ore":84,"minecraft:rose_bush":19,"minecraft:iron_pickaxe":1,"minecraft:furnace":4,"minecraft:book":21,"minecraft:torch":19,"minecraft:porkchop":23,"minecraft:spruce_sapling":1,"minecraft:carrot":10,"minecraft:spruce_log":17,"minecraft:redstone":5,"minecraft:arrow":1,"minecraft:rotten_flesh":13,"minecraft:diamond":14,"minecraft:granite":9,"minecraft:gray_wool":1,"minecraft:oak_sapling":2,"minecraft:black_wool":1,"minecraft:mutton":18,"minecraft:coal":224,"minecraft:white_wool":9,"minecraft:cobblestone":266},"minecraft:custom":{"minecraft:interact_with_furnace":48,"minecraft:mob_kills":49,"minecraft:interact_with_crafting_table":17,"minecraft:play_one_minute":76034,"minecraft:leave_game":3,"minecraft:time_since_death":76034,"minecraft:time_since_rest":76034,"minecraft:sprint_one_cm":237698,"minecraft:damage_taken":655,"minecraft:walk_one_cm":173575,"minecraft:damage_blocked_by_shield":290,"minecraft:drop":11,"minecraft:damage_dealt":6514,"minecraft:swim_one_cm":4863,"minecraft:fly_one_cm":123419,"minecraft:open_chest":4,"minecraft:crouch_one_cm":427,"minecraft:sneak_time":675,"minecraft:walk_under_water_one_cm":421,"minecraft:jump":741,"minecraft:walk_on_water_one_cm":5935,"minecraft:fall_one_cm":15413},"minecraft:used":{"minecraft:cooked_mutton":8,"minecraft:stone_pickaxe":100,"minecraft:wooden_pickaxe":4,"minecraft:iron_sword":142,"minecraft:torch":42,"minecraft:crafting_table":7,"minecraft:wooden_axe":1,"minecraft:iron_axe":230,"minecraft:iron_pickaxe":966,"minecraft:wooden_sword":5,"minecraft:cobblestone":25,"minecraft:furnace":4,"minecraft:andesite":8,"minecraft:cooked_beef":5}},"DataVersion":1631}