{"stats":{"minecraft:killed":{"minecraft:sheep":1,"minecraft:cow":1},"minecraft:crafted":{"minecraft:wooden_sword":1,"minecraft:iron_boots":1,"minecraft:iron_chestplate":1,"minecraft:shield":1,"minecraft:iron_axe":1,"minecraft:crafting_table":2,"minecraft:spruce_planks":56,"minecraft:stick":24,"minecraft:iron_pickaxe":1,"minecraft:wooden_pickaxe":1,"minecraft:iron_ingot":38,"minecraft:iron_helmet":1,"minecraft:stone_pickaxe":1,"minecraft:wooden_axe":1,"minecraft:iron_sword":1,"minecraft:iron_leggings":1,"minecraft:furnace":2,"minecraft:torch":36,"minecraft:cooked_mutton":2,"minecraft:air":0},"minecraft:dropped":{"minecraft:wooden_axe":1,"minecraft:wooden_sword":1,"minecraft:stone_pickaxe":2,"minecraft:wooden_pickaxe":1,"minecraft:iron_pickaxe":1,"minecraft:cooked_mutton":1},"minecraft:mined":{"minecraft:furnace":2,"minecraft:iron_ore":45,"minecraft:spruce_log":14,"minecraft:crafting_table":3,"minecraft:granite":7,"minecraft:grass_block":1,"minecraft:coal_ore":91,"minecraft:stone":57,"minecraft:wall_torch":2},"minecraft:picked_up":{"minecraft:crafting_table":3,"minecraft:cooked_beef":1,"minecraft:torch":2,"minecraft:spruce_sapling":1,"minecraft:spruce_log":14,"minecraft:dirt":1,"minecraft:cooked_mutton":1,"minecraft:beef":1,"minecraft:granite":9,"minecraft:stone_pickaxe":1,"minecraft:iron_ore":47,"minecraft:iron_pickaxe":1,"minecraft:mutton":2,"minecraft:coal":109,"minecraft:white_wool":1,"minecraft:cobblestone":59,"minecraft:furnace":2},"minecraft:used":{"minecraft:wooden_axe":1,"minecraft:iron_axe":9,"minecraft:stone_pickaxe":100,"minecraft:iron_pickaxe":99,"minecraft:wooden_pickaxe":4,"minecraft:torch":11,"minecraft:wooden_sword":5,"minecraft:cobblestone":4,"minecraft:crafting_table":4,"minecraft:furnace":2,"minecraft:cooked_beef":1},"minecraft:custom":{"minecraft:time_since_rest":18000,"minecraft:interact_with_furnace":24,"minecraft:sprint_one_cm":26471,"minecraft:damage_taken":20,"minecraft:walk_one_cm":34811,"minecraft:mob_kills":2,"minecraft:drop":7,"minecraft:damage_dealt":180,"minecraft:interact_with_crafting_table":13,"minecraft:fly_one_cm":13799,"minecraft:play_one_minute":18000,"minecraft:jump":104,"minecraft:time_since_death":18000,"minecraft:fall_one_cm":906}},"DataVersion":1631}