{"stats":{"minecraft:killed":{"minecraft:pig":11,"minecraft:spider":1,"minecraft:creeper":3,"minecraft:sheep":12,"minecraft:skeleton":4,"minecraft:zombie":9,"minecraft:cow":9},"minecraft:crafted":{"minecraft:cooked_beef":7,"minecraft:wooden_sword":1,"minecraft:cooked_porkchop":8,"minecraft:crafting_table":2,"minecraft:spruce_planks":56,"minecraft:wooden_pickaxe":1,"minecraft:iron_helmet":1,"minecraft:iron_sword":1,"minecraft:furnace":2,"minecraft:cooked_mutton":14,"minecraft:air":0,"minecraft:iron_boots":1,"minecraft:iron_chestplate":1,"minecraft:shield":1,"minecraft:iron_axe":1,"minecraft:stick":24,"minecraft:iron_ingot":48,"minecraft:iron_pickaxe":1,"minecraft:stone_pickaxe":1,"minecraft:wooden_axe":1,"minecraft:iron_leggings":1,"minecraft:torch":36},"minecraft:dropped":{"minecraft:cooked_mutton":1,"minecraft:wooden_axe":1,"minecraft:oak_sapling":2,"minecraft:wooden_sword":1,"minecraft:stone_pickaxe":2,"minecraft:wooden_pickaxe":1,"minecraft:iron_pickaxe":1},"minecraft:mined":{"minecraft:stripped_birch_log":1,"minecraft:dandelion":7,"minecraft:crafting_table":3,"minecraft:torch":3,"minecraft:granite":14,"minecraft:allium":3,"minecraft:grass_block":5,"minecraft:poppy":21,"minecraft:cobblestone":2,"minecraft:diorite":5,"minecraft:oxeye_daisy":4,"minecraft:wall_torch":3,"minecraft:spawner":1,"minecraft:furnace":4,"minecraft:carrots":3,"minecraft:birch_log":16,"minecraft:iron_ore":58,"minecraft:wheat":14,"minecraft:andesite":6,"minecraft:spruce_log":18,"minecraft:birch_leaves":2,"minecraft:orange_tulip":16,"minecraft:azure_bluet":14,"minecraft:grass":58,"minecraft:red_tulip":4,"minecraft:bookshelf":7,"minecraft:coal_ore":117,"minecraft:oak_log":168,"minecraft:dirt":4,"minecraft:gravel":1,"minecraft:stripped_oak_log":1,"minecraft:pink_tulip":9,"minecraft:white_tulip":18,"minecraft:stone":112,"minecraft:oak_leaves":12},"minecraft:picked_up":{"minecraft:birch_log":16,"minecraft:crafting_table":3,"minecraft:wheat":14,"minecraft:cooked_beef":1,"minecraft:andesite":6,"minecraft:leather":3,"minecraft:oak_log":172,"minecraft:gunpowder":4,"minecraft:string":1,"minecraft:dirt":13,"minecraft:cooked_mutton":1,"minecraft:bone":5,"minecraft:apple":2,"minecraft:wheat_seeds":31,"minecraft:iron_ingot":4,"minecraft:beef":16,"minecraft:stone_pickaxe":1,"minecraft:iron_ore":60,"minecraft:rose_bush":19,"minecraft:iron_pickaxe":1,"minecraft:furnace":4,"minecraft:book":21,"minecraft:torch":6,"minecraft:porkchop":23,"minecraft:spruce_sapling":1,"minecraft:spruce_log":17,"minecraft:carrot":10,"minecraft:arrow":1,"minecraft:rotten_flesh":13,"minecraft:granite":9,"minecraft:gray_wool":1,"minecraft:oak_sapling":2,"minecraft:black_wool":1,"minecraft:mutton":18,"minecraft:coal":207,"minecraft:white_wool":9,"minecraft:cobblestone":87},"minecraft:custom":{"minecraft:interact_with_furnace":48,"minecraft:mob_kills":49,"minecraft:interact_with_crafting_table":13,"minecraft:play_one_minute":51706,"minecraft:leave_game":1,"minecraft:time_since_death":51706,"minecraft:time_since_rest":51706,"minecraft:sprint_one_cm":184645,"minecraft:damage_taken":655,"minecraft:walk_one_cm":116036,"minecraft:damage_blocked_by_shield":290,"minecraft:drop":8,"minecraft:damage_dealt":6514,"minecraft:swim_one_cm":4863,"minecraft:fly_one_cm":111440,"minecraft:open_chest":4,"minecraft:crouch_one_cm":94,"minecraft:sneak_time":341,"minecraft:walk_under_water_one_cm":421,"minecraft:jump":616,"minecraft:walk_on_water_one_cm":2264,"minecraft:fall_one_cm":13261},"minecraft:used":{"minecraft:cooked_mutton":6,"minecraft:stone_pickaxe":100,"minecraft:wooden_pickaxe":4,"minecraft:iron_sword":142,"minecraft:torch":15,"minecraft:crafting_table":4,"minecraft:wooden_axe":1,"minecraft:iron_axe":229,"minecraft:iron_pickaxe":216,"minecraft:wooden_sword":5,"minecraft:cobblestone":14,"minecraft:furnace":4,"minecraft:cooked_beef":5}},"DataVersion":1631}