{"stats":{"minecraft:picked_up":{"minecraft:crafting_table":7,"minecraft:iron_chestplate":1,"minecraft:wheat":27,"minecraft:chicken":5,"minecraft:anvil":1,"minecraft:string":1,"minecraft:iron_leggings":1,"minecraft:spruce_planks":3,"minecraft:beef":25,"minecraft:rose_bush":19,"minecraft:written_book":2,"minecraft:poppy":1,"minecraft:iron_pickaxe":2,"minecraft:chest":2,"minecraft:birch_sapling":2,"minecraft:furnace":10,"minecraft:stick":13,"minecraft:torch":38,"minecraft:spruce_stairs":5,"minecraft:spruce_fence":5,"minecraft:porkchop":23,"minecraft:diorite":12,"minecraft:carrot":32,"minecraft:redstone":36,"minecraft:arrow":1,"minecraft:rotten_flesh":16,"minecraft:obsidian":15,"minecraft:mutton":27,"minecraft:white_wool":14,"minecraft:cobblestone":996,"minecraft:birch_log":56,"minecraft:feather":14,"minecraft:cooked_beef":4,"minecraft:iron_door":1,"minecraft:andesite":44,"minecraft:leather":4,"minecraft:oak_log":215,"minecraft:gunpowder":7,"minecraft:cobblestone_stairs":3,"minecraft:lapis_lazuli":29,"minecraft:dirt":66,"minecraft:cooked_mutton":1,"minecraft:bone":13,"minecraft:apple":3,"minecraft:bow":1,"minecraft:wheat_seeds":64,"minecraft:iron_ingot":6,"minecraft:stone_pickaxe":1,"minecraft:iron_ore":127,"minecraft:iron_sword":1,"minecraft:oak_planks":7,"minecraft:book":45,"minecraft:oak_pressure_plate":2,"minecraft:spruce_sapling":3,"minecraft:spruce_log":38,"minecraft:gold_ore":18,"minecraft:diamond":37,"minecraft:lever":6,"minecraft:iron_helmet":2,"minecraft:granite":29,"minecraft:gray_wool":1,"minecraft:oak_sapling":3,"minecraft:black_wool":1,"minecraft:coal":353},"minecraft:used":{"minecraft:ladder":30,"minecraft:chest":6,"minecraft:spruce_planks":3,"minecraft:stone":5,"minecraft:iron_sword":164,"minecraft:stone_hoe":28,"minecraft:torch":131,"minecraft:dirt":28,"minecraft:anvil":2,"minecraft:white_carpet":3,"minecraft:spruce_stairs":5,"minecraft:carrot":28,"minecraft:spruce_fence":4,"minecraft:wooden_axe":1,"minecraft:bookshelf":1,"minecraft:iron_axe":230,"minecraft:birch_sapling":2,"minecraft:written_book":1,"minecraft:oak_sapling":1,"minecraft:furnace":20,"minecraft:cooked_beef":9,"minecraft:wheat_seeds":19,"minecraft:cooked_mutton":14,"minecraft:water_bucket":19,"minecraft:diorite":2,"minecraft:cobblestone_stairs":14,"minecraft:stone_pickaxe":100,"minecraft:oak_planks":103,"minecraft:wooden_pickaxe":4,"minecraft:diamond_axe":135,"minecraft:crafting_table":13,"minecraft:lever":8,"minecraft:diamond_pickaxe":953,"minecraft:apple":2,"minecraft:bread":5,"minecraft:iron_pickaxe":1461,"minecraft:oak_pressure_plate":2,"minecraft:iron_door":2,"minecraft:spruce_sapling":1,"minecraft:diamond_sword":63,"minecraft:wooden_sword":5,"minecraft:cobblestone":387,"minecraft:cooked_porkchop":7,"minecraft:andesite":8,"minecraft:bucket":20},"minecraft:crafted":{"minecraft:wooden_sword":1,"minecraft:oak_planks":336,"minecraft:furnace":10,"minecraft:cobblestone_stairs":16,"minecraft:stone":7,"minecraft:bone_meal":24,"minecraft:lever":2,"minecraft:bookshelf":14,"minecraft:white_carpet":3,"minecraft:cooked_mutton":27,"minecraft:diamond_helmet":1,"minecraft:diamond_leggings":1,"minecraft:iron_boots":1,"minecraft:iron_axe":1,"minecraft:ladder":30,"minecraft:stone_pickaxe":1,"minecraft:chest":4,"minecraft:diamond_boots":1,"minecraft:iron_door":3,"minecraft:stone_hoe":1,"minecraft:cooked_beef":24,"minecraft:diamond_sword":1,"minecraft:emerald":7,"minecraft:cooked_porkchop":23,"minecraft:diamond_axe":1,"minecraft:crafting_table":7,"minecraft:enchanting_table":1,"minecraft:spruce_planks":96,"minecraft:wooden_pickaxe":1,"minecraft:iron_helmet":1,"minecraft:iron_sword":1,"minecraft:bucket":2,"minecraft:birch_planks":24,"minecraft:bread":10,"minecraft:air":0,"minecraft:iron_chestplate":1,"minecraft:diamond_pickaxe":1,"minecraft:charcoal":128,"minecraft:shield":1,"minecraft:stick":148,"minecraft:iron_ingot":103,"minecraft:iron_pickaxe":7,"minecraft:wooden_axe":1,"minecraft:iron_block":3,"minecraft:iron_leggings":1,"minecraft:gold_ingot":19,"minecraft:anvil":1,"minecraft:torch":140,"minecraft:diamond_chestplate":1},"minecraft:killed":{"minecraft:spider":3,"minecraft:skeleton":8,"minecraft:chicken":6,"minecraft:wolf":1,"minecraft:pig":13,"minecraft:creeper":5,"minecraft:sheep":18,"minecraft:zombie":13,"minecraft:cow":14},"minecraft:mined":{"minecraft:diamond_ore":34,"minecraft:spruce_planks":3,"minecraft:cobblestone_stairs":3,"minecraft:stripped_birch_log":1,"minecraft:obsidian":15,"minecraft:lever":6,"minecraft:granite":79,"minecraft:allium":3,"minecraft:grass_block":12,"minecraft:spruce_fence":5,"minecraft:spruce_leaves":6,"minecraft:oxeye_daisy":4,"minecraft:spawner":1,"minecraft:redstone_ore":25,"minecraft:furnace":10,"minecraft:carrots":12,"minecraft:iron_ore":139,"minecraft:andesite":91,"minecraft:anvil":1,"minecraft:azure_bluet":14,"minecraft:bookshelf":15,"minecraft:red_tulip":4,"minecraft:stripped_oak_log":1,"minecraft:pink_tulip":9,"minecraft:stone":1691,"minecraft:white_tulip":18,"minecraft:glass_pane":2,"minecraft:dandelion":7,"minecraft:crafting_table":8,"minecraft:torch":7,"minecraft:poppy":21,"minecraft:chest":2,"minecraft:cobblestone":40,"minecraft:lapis_ore":4,"minecraft:oak_planks":7,"minecraft:diorite":48,"minecraft:wall_torch":13,"minecraft:spruce_stairs":5,"minecraft:birch_log":51,"minecraft:wheat":34,"minecraft:spruce_log":29,"minecraft:birch_leaves":3,"minecraft:orange_tulip":16,"minecraft:grass_path":3,"minecraft:grass":61,"minecraft:oak_log":209,"minecraft:coal_ore":237,"minecraft:gravel":5,"minecraft:dirt":78,"minecraft:gold_ore":18,"minecraft:oak_leaves":16,"minecraft:fern":1},"minecraft:dropped":{"minecraft:iron_sword":2,"minecraft:wheat_seeds":31,"minecraft:oak_log":1,"minecraft:feather":7,"minecraft:iron_helmet":2,"minecraft:cobblestone":78,"minecraft:leather":1,"minecraft:stick":8,"minecraft:dirt":1,"minecraft:torch":1,"minecraft:wooden_axe":1,"minecraft:iron_leggings":2,"minecraft:wooden_sword":1,"minecraft:iron_axe":1,"minecraft:iron_pickaxe":2,"minecraft:spruce_sapling":2,"minecraft:redstone":5,"minecraft:rotten_flesh":1,"minecraft:iron_boots":1,"minecraft:cooked_mutton":1,"minecraft:spruce_planks":6,"minecraft:iron_chestplate":2,"minecraft:andesite":1,"minecraft:oak_sapling":2,"minecraft:wooden_pickaxe":1,"minecraft:stone_pickaxe":2,"minecraft:written_book":2},"minecraft:broken":{"minecraft:iron_pickaxe":4},"minecraft:custom":{"minecraft:mob_kills":81,"minecraft:animals_bred":1,"minecraft:interact_with_crafting_table":47,"minecraft:leave_game":8,"minecraft:time_since_death":224631,"minecraft:climb_one_cm":12491,"minecraft:sprint_one_cm":577292,"minecraft:walk_one_cm":562390,"minecraft:damage_blocked_by_shield":620,"minecraft:drop":38,"minecraft:talked_to_villager":2,"minecraft:sneak_time":2199,"minecraft:walk_under_water_one_cm":2150,"minecraft:jump":2227,"minecraft:walk_on_water_one_cm":27145,"minecraft:interact_with_furnace":111,"minecraft:traded_with_villager":7,"minecraft:play_one_minute":224631,"minecraft:time_since_rest":68970,"minecraft:damage_taken":1981,"minecraft:damage_dealt":11515,"minecraft:swim_one_cm":28754,"minecraft:fly_one_cm":332784,"minecraft:open_chest":47,"minecraft:crouch_one_cm":2264,"minecraft:fall_one_cm":47811}},"DataVersion":1631}