{"stats":{"minecraft:killed":{"minecraft:pig":6,"minecraft:spider":1,"minecraft:creeper":3,"minecraft:sheep":11,"minecraft:skeleton":2,"minecraft:zombie":3,"minecraft:cow":9},"minecraft:crafted":{"minecraft:cooked_beef":7,"minecraft:wooden_sword":1,"minecraft:cooked_porkchop":8,"minecraft:crafting_table":2,"minecraft:spruce_planks":56,"minecraft:wooden_pickaxe":1,"minecraft:iron_helmet":1,"minecraft:iron_sword":1,"minecraft:furnace":2,"minecraft:cooked_mutton":14,"minecraft:air":0,"minecraft:iron_boots":1,"minecraft:iron_chestplate":1,"minecraft:shield":1,"minecraft:iron_axe":1,"minecraft:stick":24,"minecraft:iron_ingot":48,"minecraft:iron_pickaxe":1,"minecraft:stone_pickaxe":1,"minecraft:wooden_axe":1,"minecraft:iron_leggings":1,"minecraft:torch":36},"minecraft:dropped":{"minecraft:cooked_mutton":1,"minecraft:wooden_axe":1,"minecraft:oak_sapling":2,"minecraft:wooden_sword":1,"minecraft:stone_pickaxe":2,"minecraft:wooden_pickaxe":1,"minecraft:iron_pickaxe":1},"minecraft:mined":{"minecraft:dandelion":7,"minecraft:crafting_table":3,"minecraft:granite":7,"minecraft:allium":3,"minecraft:grass_block":1,"minecraft:poppy":21,"minecraft:oxeye_daisy":4,"minecraft:wall_torch":2,"minecraft:furnace":4,"minecraft:carrots":3,"minecraft:birch_log":12,"minecraft:iron_ore":45,"minecraft:wheat":14,"minecraft:spruce_log":18,"minecraft:birch_leaves":2,"minecraft:orange_tulip":16,"minecraft:azure_bluet":14,"minecraft:grass":57,"minecraft:red_tulip":4,"minecraft:bookshelf":7,"minecraft:coal_ore":91,"minecraft:oak_log":147,"minecraft:gravel":1,"minecraft:pink_tulip":9,"minecraft:white_tulip":18,"minecraft:stone":57,"minecraft:oak_leaves":11},"minecraft:picked_up":{"minecraft:birch_log":12,"minecraft:crafting_table":3,"minecraft:wheat":14,"minecraft:cooked_beef":1,"minecraft:leather":3,"minecraft:oak_log":149,"minecraft:gunpowder":4,"minecraft:string":1,"minecraft:dirt":13,"minecraft:cooked_mutton":1,"minecraft:bone":4,"minecraft:apple":2,"minecraft:wheat_seeds":31,"minecraft:iron_ingot":4,"minecraft:beef":16,"minecraft:stone_pickaxe":1,"minecraft:iron_ore":47,"minecraft:rose_bush":19,"minecraft:iron_pickaxe":1,"minecraft:furnace":4,"minecraft:book":21,"minecraft:torch":2,"minecraft:porkchop":14,"minecraft:spruce_sapling":1,"minecraft:spruce_log":17,"minecraft:carrot":10,"minecraft:arrow":1,"minecraft:rotten_flesh":4,"minecraft:granite":9,"minecraft:gray_wool":1,"minecraft:oak_sapling":2,"minecraft:black_wool":1,"minecraft:mutton":17,"minecraft:coal":180,"minecraft:white_wool":9,"minecraft:cobblestone":59},"minecraft:custom":{"minecraft:interact_with_furnace":48,"minecraft:mob_kills":35,"minecraft:interact_with_crafting_table":13,"minecraft:play_one_minute":40528,"minecraft:time_since_death":40528,"minecraft:time_since_rest":40528,"minecraft:sprint_one_cm":132509,"minecraft:damage_taken":287,"minecraft:walk_one_cm":93501,"minecraft:damage_blocked_by_shield":290,"minecraft:drop":8,"minecraft:damage_dealt":4201,"minecraft:swim_one_cm":4863,"minecraft:fly_one_cm":73936,"minecraft:crouch_one_cm":1,"minecraft:sneak_time":5,"minecraft:walk_under_water_one_cm":421,"minecraft:jump":414,"minecraft:walk_on_water_one_cm":1326,"minecraft:fall_one_cm":5824},"minecraft:used":{"minecraft:cooked_mutton":5,"minecraft:stone_pickaxe":100,"minecraft:wooden_pickaxe":4,"minecraft:iron_sword":89,"minecraft:torch":11,"minecraft:crafting_table":4,"minecraft:wooden_axe":1,"minecraft:iron_axe":198,"minecraft:iron_pickaxe":101,"minecraft:wooden_sword":5,"minecraft:cobblestone":4,"minecraft:furnace":4,"minecraft:cooked_beef":2}},"DataVersion":1631}