{"stats":{"minecraft:crafted":{"minecraft:crafting_table":1,"minecraft:spruce_planks":28,"minecraft:stick":4},"minecraft:custom":{"minecraft:time_since_rest":8511,"minecraft:play_one_minute":13081,"minecraft:crouch_one_cm":35,"minecraft:leave_game":4,"minecraft:time_since_death":13081,"minecraft:sprint_one_cm":8413,"minecraft:walk_one_cm":14258,"minecraft:sneak_time":28,"minecraft:climb_one_cm":532,"minecraft:interact_with_crafting_table":1,"minecraft:fall_one_cm":896,"minecraft:drop":1,"minecraft:fly_one_cm":2952,"minecraft:jump":44},"minecraft:dropped":{"minecraft:spruce_planks":4},"minecraft:mined":{"minecraft:spruce_log":7},"minecraft:used":{"minecraft:crafting_table":1},"minecraft:picked_up":{"minecraft:spruce_planks":4,"minecraft:spruce_log":7}},"DataVersion":1631}