{"stats":{"minecraft:crafted":{"minecraft:crafting_table":1,"minecraft:spruce_planks":52,"minecraft:stick":8,"minecraft:wooden_pickaxe":1,"minecraft:stone_pickaxe":1,"minecraft:stone_sword":1,"minecraft:spruce_door":3,"minecraft:torch":4,"minecraft:stone_axe":1},"minecraft:custom":{"minecraft:time_since_rest":2463,"minecraft:sprint_one_cm":10853,"minecraft:damage_taken":40,"minecraft:walk_one_cm":44692,"minecraft:drop":1,"minecraft:interact_with_crafting_table":5,"minecraft:fly_one_cm":3143,"minecraft:play_one_minute":26124,"minecraft:crouch_one_cm":75,"minecraft:sneak_time":142,"minecraft:jump":117,"minecraft:leave_game":5,"minecraft:time_since_death":26124,"minecraft:climb_one_cm":532,"minecraft:fall_one_cm":2526},"minecraft:dropped":{"minecraft:spruce_planks":4},"minecraft:mined":{"minecraft:spruce_planks":1,"minecraft:spruce_log":13,"minecraft:andesite":4,"minecraft:granite":5,"minecraft:grass_block":3,"minecraft:coal_ore":20,"minecraft:dirt":34,"minecraft:spruce_leaves":1,"minecraft:stone":55,"minecraft:diorite":13},"minecraft:used":{"minecraft:spruce_door":2,"minecraft:stone_pickaxe":73,"minecraft:spruce_planks":13,"minecraft:wooden_pickaxe":25,"minecraft:stone_axe":8,"minecraft:torch":4,"minecraft:cobblestone":8,"minecraft:crafting_table":1,"minecraft:andesite":4},"minecraft:picked_up":{"minecraft:andesite":4,"minecraft:torch":1,"minecraft:diorite":13,"minecraft:spruce_log":13,"minecraft:dirt":35,"minecraft:spruce_planks":5,"minecraft:granite":5,"minecraft:coal":20,"minecraft:cobblestone":55}},"DataVersion":1631}