{"stats":{"minecraft:killed":{"minecraft:pig":1,"minecraft:spider":2,"minecraft:skeleton":3,"minecraft:zombie":8,"minecraft:chicken":2},"minecraft:crafted":{"minecraft:wooden_sword":1,"minecraft:oak_slab":48,"minecraft:cooked_porkchop":2,"minecraft:crafting_table":4,"minecraft:spruce_planks":84,"minecraft:spruce_button":3,"minecraft:wooden_pickaxe":1,"minecraft:cooked_chicken":2,"minecraft:furnace":1,"minecraft:bone_meal":12,"minecraft:stone_axe":1,"minecraft:bread":3,"minecraft:air":0,"minecraft:diamond_pickaxe":1,"minecraft:shield":1,"minecraft:iron_axe":1,"minecraft:stick":52,"minecraft:iron_ingot":16,"minecraft:iron_pickaxe":3,"minecraft:stone_pickaxe":5,"minecraft:stone_sword":1,"minecraft:chest":1,"minecraft:torch":88,"minecraft:stone_hoe":1},"minecraft:dropped":{"minecraft:detector_rail":4,"minecraft:feather":1,"minecraft:granite":12,"minecraft:spruce_button":3,"minecraft:spruce_stairs":1,"minecraft:diorite":23,"minecraft:andesite":58,"minecraft:wooden_sword":1,"minecraft:wooden_pickaxe":1},"minecraft:mined":{"minecraft:oak_slab":2,"minecraft:diamond_ore":34,"minecraft:spruce_planks":12,"minecraft:glass_pane":1,"minecraft:obsidian":12,"minecraft:oak_fence":10,"minecraft:crafting_table":3,"minecraft:torch":1,"minecraft:granite":36,"minecraft:grass_block":2,"minecraft:cobblestone":77,"minecraft:spruce_leaves":5,"minecraft:lapis_ore":17,"minecraft:oak_planks":39,"minecraft:diorite":43,"minecraft:spruce_stairs":1,"minecraft:redstone_ore":57,"minecraft:furnace":3,"minecraft:carrots":16,"minecraft:iron_ore":191,"minecraft:wheat":11,"minecraft:spruce_log":22,"minecraft:andesite":68,"minecraft:grass_path":2,"minecraft:coal_ore":312,"minecraft:rail":1,"minecraft:gravel":1,"minecraft:dirt":8,"minecraft:stone":810,"minecraft:gold_ore":46},"minecraft:broken":{"minecraft:stone_pickaxe":5,"minecraft:stone_axe":1,"minecraft:iron_pickaxe":3},"minecraft:picked_up":{"minecraft:wheat":9,"minecraft:crafting_table":3,"minecraft:feather":1,"minecraft:chicken":2,"minecraft:andesite":70,"minecraft:lapis_lazuli":107,"minecraft:dirt":23,"minecraft:string":4,"minecraft:bone":6,"minecraft:wheat_seeds":18,"minecraft:detector_rail":4,"minecraft:spruce_planks":35,"minecraft:iron_ingot":1,"minecraft:iron_ore":201,"minecraft:chest":1,"minecraft:oak_planks":38,"minecraft:furnace":3,"minecraft:oak_slab":2,"minecraft:oak_fence":10,"minecraft:torch":1,"minecraft:spruce_stairs":1,"minecraft:gravel":2,"minecraft:porkchop":2,"minecraft:carrot":38,"minecraft:diorite":38,"minecraft:spruce_log":21,"minecraft:redstone":271,"minecraft:gold_ore":48,"minecraft:arrow":5,"minecraft:rotten_flesh":11,"minecraft:diamond":38,"minecraft:granite":32,"minecraft:obsidian":12,"minecraft:coal":322,"minecraft:rail":1,"minecraft:cobblestone":777},"minecraft:custom":{"minecraft:interact_with_furnace":23,"minecraft:mob_kills":17,"minecraft:interact_with_crafting_table":27,"minecraft:play_one_minute":131059,"minecraft:leave_game":5,"minecraft:time_since_death":131059,"minecraft:time_since_rest":39155,"minecraft:sprint_one_cm":143119,"minecraft:damage_taken":1205,"minecraft:walk_one_cm":215995,"minecraft:damage_blocked_by_shield":195,"minecraft:drop":14,"minecraft:damage_dealt":2515,"minecraft:fly_one_cm":94148,"minecraft:open_chest":8,"minecraft:crouch_one_cm":167355,"minecraft:sneak_time":51617,"minecraft:walk_under_water_one_cm":1782,"minecraft:jump":935,"minecraft:walk_on_water_one_cm":4152,"minecraft:fall_one_cm":12631},"minecraft:used":{"minecraft:oak_fence":10,"minecraft:diorite":1,"minecraft:stone_sword":36,"minecraft:stone_pickaxe":647,"minecraft:chest":1,"minecraft:spruce_planks":28,"minecraft:wooden_pickaxe":9,"minecraft:cooked_chicken":2,"minecraft:stone_hoe":7,"minecraft:torch":85,"minecraft:dirt":10,"minecraft:oak_slab":47,"minecraft:crafting_table":7,"minecraft:carrot":29,"minecraft:granite":20,"minecraft:diamond_pickaxe":106,"minecraft:iron_axe":19,"minecraft:bread":5,"minecraft:iron_pickaxe":950,"minecraft:gravel":2,"minecraft:stone_axe":111,"minecraft:wooden_sword":6,"minecraft:cobblestone":419,"minecraft:furnace":4,"minecraft:cooked_porkchop":2,"minecraft:andesite":10}},"DataVersion":1631}