{"stats":{"minecraft:crafted":{"minecraft:wooden_sword":1,"minecraft:cooked_porkchop":2,"minecraft:crafting_table":2,"minecraft:stick":12,"minecraft:spruce_planks":84,"minecraft:spruce_button":3,"minecraft:cooked_chicken":2,"minecraft:wooden_pickaxe":1,"minecraft:stone_pickaxe":1,"minecraft:stone_sword":1,"minecraft:furnace":1,"minecraft:torch":4,"minecraft:stone_hoe":1,"minecraft:stone_axe":1,"minecraft:air":0},"minecraft:custom":{"minecraft:time_since_rest":22410,"minecraft:interact_with_furnace":9,"minecraft:sprint_one_cm":35599,"minecraft:damage_taken":440,"minecraft:walk_one_cm":37016,"minecraft:mob_kills":8,"minecraft:damage_dealt":1002,"minecraft:interact_with_crafting_table":8,"minecraft:fly_one_cm":34351,"minecraft:play_one_minute":22410,"minecraft:crouch_one_cm":16431,"minecraft:sneak_time":4859,"minecraft:jump":240,"minecraft:leave_game":3,"minecraft:time_since_death":22410,"minecraft:walk_on_water_one_cm":320,"minecraft:fall_one_cm":4412},"minecraft:killed":{"minecraft:skeleton":1,"minecraft:zombie":2,"minecraft:pig":1,"minecraft:chicken":2,"minecraft:spider":2},"minecraft:mined":{"minecraft:spruce_stairs":1,"minecraft:spruce_planks":3,"minecraft:glass_pane":1,"minecraft:furnace":1,"minecraft:carrots":11,"minecraft:iron_ore":8,"minecraft:wheat":11,"minecraft:spruce_log":22,"minecraft:crafting_table":1,"minecraft:grass_path":2,"minecraft:grass_block":2,"minecraft:coal_ore":8,"minecraft:dirt":6,"minecraft:cobblestone":2,"minecraft:spruce_leaves":5,"minecraft:stone":33},"minecraft:picked_up":{"minecraft:crafting_table":1,"minecraft:wheat":9,"minecraft:feather":1,"minecraft:chicken":2,"minecraft:spruce_stairs":1,"minecraft:gravel":1,"minecraft:porkchop":2,"minecraft:spruce_log":21,"minecraft:carrot":27,"minecraft:dirt":22,"minecraft:string":4,"minecraft:bone":4,"minecraft:arrow":3,"minecraft:wheat_seeds":18,"minecraft:spruce_planks":3,"minecraft:iron_ore":8,"minecraft:coal":9,"minecraft:cobblestone":35,"minecraft:furnace":1},"minecraft:used":{"minecraft:stone_sword":36,"minecraft:stone_pickaxe":46,"minecraft:spruce_planks":20,"minecraft:wooden_pickaxe":9,"minecraft:gravel":1,"minecraft:cooked_chicken":2,"minecraft:stone_axe":33,"minecraft:torch":4,"minecraft:wooden_sword":6,"minecraft:dirt":10,"minecraft:cobblestone":1,"minecraft:crafting_table":2,"minecraft:furnace":2,"minecraft:cooked_porkchop":1,"minecraft:carrot":6}},"DataVersion":1631}