{"stats":{"minecraft:killed":{"minecraft:pig":1,"minecraft:spider":2,"minecraft:skeleton":3,"minecraft:zombie":8,"minecraft:chicken":2},"minecraft:crafted":{"minecraft:wooden_sword":1,"minecraft:oak_slab":96,"minecraft:cooked_porkchop":2,"minecraft:crafting_table":4,"minecraft:spruce_planks":84,"minecraft:spruce_button":3,"minecraft:wooden_pickaxe":1,"minecraft:cooked_chicken":2,"minecraft:furnace":1,"minecraft:bone_meal":12,"minecraft:stone_axe":1,"minecraft:bread":3,"minecraft:air":0,"minecraft:diamond_pickaxe":1,"minecraft:shield":1,"minecraft:iron_axe":1,"minecraft:stick":56,"minecraft:iron_ingot":16,"minecraft:iron_pickaxe":4,"minecraft:stone_pickaxe":5,"minecraft:stone_sword":1,"minecraft:chest":1,"minecraft:redstone_block":49,"minecraft:torch":104,"minecraft:stone_hoe":1},"minecraft:dropped":{"minecraft:gravel":27,"minecraft:detector_rail":4,"minecraft:oak_fence":2,"minecraft:feather":1,"minecraft:granite":21,"minecraft:spruce_button":3,"minecraft:spruce_stairs":1,"minecraft:rail":5,"minecraft:diorite":62,"minecraft:andesite":68,"minecraft:wooden_sword":1,"minecraft:wooden_pickaxe":1},"minecraft:mined":{"minecraft:oak_slab":4,"minecraft:diamond_ore":39,"minecraft:spruce_planks":12,"minecraft:glass_pane":1,"minecraft:obsidian":12,"minecraft:oak_fence":26,"minecraft:crafting_table":4,"minecraft:torch":6,"minecraft:granite":44,"minecraft:grass_block":2,"minecraft:cobblestone":80,"minecraft:spruce_leaves":5,"minecraft:lapis_ore":17,"minecraft:oak_planks":81,"minecraft:diorite":75,"minecraft:spruce_stairs":1,"minecraft:redstone_ore":111,"minecraft:furnace":3,"minecraft:carrots":16,"minecraft:iron_ore":268,"minecraft:wheat":11,"minecraft:spruce_log":22,"minecraft:andesite":90,"minecraft:grass_path":2,"minecraft:coal_ore":316,"minecraft:rail":1,"minecraft:gravel":17,"minecraft:dirt":12,"minecraft:stone":1146,"minecraft:gold_ore":56},"minecraft:broken":{"minecraft:stone_pickaxe":5,"minecraft:stone_axe":1,"minecraft:iron_pickaxe":4},"minecraft:picked_up":{"minecraft:wheat":9,"minecraft:crafting_table":3,"minecraft:feather":1,"minecraft:chicken":2,"minecraft:andesite":89,"minecraft:flint":2,"minecraft:lapis_lazuli":107,"minecraft:dirt":23,"minecraft:string":4,"minecraft:bone":6,"minecraft:wheat_seeds":18,"minecraft:detector_rail":4,"minecraft:spruce_planks":35,"minecraft:iron_ingot":1,"minecraft:iron_ore":286,"minecraft:chest":1,"minecraft:oak_planks":80,"minecraft:furnace":3,"minecraft:oak_slab":6,"minecraft:oak_fence":26,"minecraft:torch":6,"minecraft:spruce_stairs":1,"minecraft:gravel":29,"minecraft:porkchop":2,"minecraft:carrot":38,"minecraft:diorite":74,"minecraft:spruce_log":21,"minecraft:redstone":518,"minecraft:gold_ore":60,"minecraft:arrow":5,"minecraft:rotten_flesh":11,"minecraft:diamond":44,"minecraft:granite":41,"minecraft:obsidian":12,"minecraft:coal":327,"minecraft:rail":5,"minecraft:cobblestone":1149},"minecraft:custom":{"minecraft:interact_with_furnace":23,"minecraft:mob_kills":17,"minecraft:interact_with_crafting_table":31,"minecraft:play_one_minute":154984,"minecraft:leave_game":6,"minecraft:time_since_death":154984,"minecraft:time_since_rest":63080,"minecraft:sprint_one_cm":209770,"minecraft:damage_taken":1205,"minecraft:walk_one_cm":269879,"minecraft:damage_blocked_by_shield":195,"minecraft:drop":24,"minecraft:damage_dealt":2515,"minecraft:fly_one_cm":112960,"minecraft:open_chest":8,"minecraft:crouch_one_cm":205990,"minecraft:sneak_time":62076,"minecraft:walk_under_water_one_cm":1782,"minecraft:jump":1210,"minecraft:walk_on_water_one_cm":6760,"minecraft:fall_one_cm":13378},"minecraft:used":{"minecraft:oak_fence":16,"minecraft:diorite":1,"minecraft:stone_sword":36,"minecraft:stone_pickaxe":647,"minecraft:chest":1,"minecraft:spruce_planks":28,"minecraft:wooden_pickaxe":9,"minecraft:cooked_chicken":2,"minecraft:stone_hoe":7,"minecraft:torch":118,"minecraft:dirt":10,"minecraft:oak_slab":76,"minecraft:crafting_table":7,"minecraft:carrot":32,"minecraft:granite":20,"minecraft:diamond_pickaxe":500,"minecraft:iron_axe":82,"minecraft:bread":6,"minecraft:iron_pickaxe":1111,"minecraft:gravel":2,"minecraft:stone_axe":111,"minecraft:wooden_sword":6,"minecraft:cobblestone":442,"minecraft:furnace":4,"minecraft:cooked_porkchop":2,"minecraft:andesite":10}},"DataVersion":1631}