{"stats":{"minecraft:picked_up":{"minecraft:cocoa_beans":27,"minecraft:spruce_leaves":4,"minecraft:crafting_table":7,"minecraft:wheat":14,"minecraft:redstone_block":17,"minecraft:chicken":7,"minecraft:string":5,"minecraft:gold_nugget":1,"minecraft:detector_rail":4,"minecraft:spruce_planks":83,"minecraft:beef":18,"minecraft:cobblestone_slab":77,"minecraft:jungle_sapling":2,"minecraft:light_gray_wool":1,"minecraft:sugar_cane":20,"minecraft:chest":3,"minecraft:birch_sapling":1,"minecraft:furnace":7,"minecraft:phantom_membrane":1,"minecraft:oak_fence":28,"minecraft:torch":46,"minecraft:spruce_stairs":1,"minecraft:porkchop":58,"minecraft:diorite":239,"minecraft:carrot":42,"minecraft:redstone":545,"minecraft:light_gray_bed":1,"minecraft:arrow":7,"minecraft:rotten_flesh":17,"minecraft:obsidian":18,"minecraft:mutton":18,"minecraft:snowball":1,"minecraft:rail":5,"minecraft:white_wool":10,"minecraft:cobblestone":2050,"minecraft:oxeye_daisy":1,"minecraft:feather":9,"minecraft:cooked_beef":3,"minecraft:jungle_log":8,"minecraft:andesite":216,"minecraft:leather":9,"minecraft:birch_planks":18,"minecraft:flint":3,"minecraft:oak_log":4,"minecraft:jungle_button":1,"minecraft:gunpowder":3,"minecraft:cobblestone_stairs":2,"minecraft:lapis_lazuli":159,"minecraft:dirt":475,"minecraft:cooked_mutton":7,"minecraft:bone":9,"minecraft:orange_tulip":1,"minecraft:wheat_seeds":31,"minecraft:iron_ingot":59,"minecraft:iron_ore":302,"minecraft:oak_planks":86,"minecraft:oak_slab":6,"minecraft:dandelion":2,"minecraft:gravel":36,"minecraft:sand":119,"minecraft:spruce_sapling":19,"minecraft:white_bed":4,"minecraft:spruce_log":27,"minecraft:gold_ore":61,"minecraft:jungle_leaves":6,"minecraft:stripped_jungle_log":4,"minecraft:polished_andesite":78,"minecraft:diamond_shovel":2,"minecraft:diamond":85,"minecraft:polished_diorite":7,"minecraft:granite":57,"minecraft:oak_sapling":1,"minecraft:oak_leaves":3,"minecraft:coal":334,"minecraft:diamond_pickaxe":1},"minecraft:custom":{"minecraft:mob_kills":94,"minecraft:interact_with_crafting_table":67,"minecraft:leave_game":16,"minecraft:time_since_death":416106,"minecraft:climb_one_cm":7365,"minecraft:sprint_one_cm":732149,"minecraft:walk_one_cm":898942,"minecraft:damage_blocked_by_shield":1605,"minecraft:drop":69,"minecraft:damage_dealt_absorbed":13,"minecraft:sneak_time":114810,"minecraft:walk_under_water_one_cm":17239,"minecraft:jump":4874,"minecraft:walk_on_water_one_cm":20949,"minecraft:interact_with_furnace":143,"minecraft:play_one_minute":416106,"minecraft:sleep_in_bed":8,"minecraft:time_since_rest":8459,"minecraft:damage_absorbed":40,"minecraft:damage_taken":4184,"minecraft:damage_dealt":13940,"minecraft:swim_one_cm":13228,"minecraft:fly_one_cm":760437,"minecraft:open_chest":137,"minecraft:crouch_one_cm":426754,"minecraft:fall_one_cm":114068},"minecraft:used":{"minecraft:oak_fence":35,"minecraft:beetroot":1,"minecraft:stone_sword":36,"minecraft:flint_and_steel":1,"minecraft:chest":6,"minecraft:spruce_planks":166,"minecraft:stone":31,"minecraft:cooked_salmon":1,"minecraft:cooked_chicken":3,"minecraft:stone_hoe":135,"minecraft:torch":139,"minecraft:dirt":196,"minecraft:cocoa_beans":1,"minecraft:carrot":41,"minecraft:granite":20,"minecraft:obsidian":12,"minecraft:polished_diorite":120,"minecraft:glass":125,"minecraft:iron_axe":389,"minecraft:birch_sapling":1,"minecraft:melon_seeds":5,"minecraft:furnace":13,"minecraft:cooked_beef":21,"minecraft:wheat_seeds":18,"minecraft:cooked_mutton":7,"minecraft:water_bucket":17,"minecraft:diorite":1,"minecraft:birch_planks":114,"minecraft:stone_pickaxe":647,"minecraft:polished_andesite":122,"minecraft:oak_planks":32,"minecraft:wooden_pickaxe":9,"minecraft:redstone_block":21,"minecraft:sugar_cane":18,"minecraft:cobblestone_slab":125,"minecraft:golden_apple":1,"minecraft:oak_slab":76,"minecraft:crafting_table":13,"minecraft:white_bed":4,"minecraft:shears":18,"minecraft:diamond_pickaxe":1410,"minecraft:diamond_shovel":576,"minecraft:bread":9,"minecraft:iron_pickaxe":1217,"minecraft:gravel":2,"minecraft:stone_axe":172,"minecraft:wooden_sword":6,"minecraft:cobblestone":1319,"minecraft:cooked_porkchop":14,"minecraft:andesite":10,"minecraft:bucket":19},"minecraft:broken":{"minecraft:stone_pickaxe":5,"minecraft:iron_axe":2,"minecraft:stone_axe":1,"minecraft:iron_pickaxe":5},"minecraft:crafted":{"minecraft:wooden_sword":1,"minecraft:cobblestone_slab":174,"minecraft:coal":9,"minecraft:spruce_button":3,"minecraft:cooked_chicken":3,"minecraft:furnace":10,"minecraft:stone":47,"minecraft:bone_meal":27,"minecraft:flint_and_steel":1,"minecraft:glass":181,"minecraft:iron_boots":1,"minecraft:polished_diorite":160,"minecraft:iron_axe":2,"minecraft:stone_pickaxe":5,"minecraft:chest":3,"minecraft:redstone_block":60,"minecraft:stone_hoe":2,"minecraft:oak_fence":21,"minecraft:cooked_beef":18,"minecraft:coal_block":33,"minecraft:oak_slab":96,"minecraft:cooked_porkchop":14,"minecraft:crafting_table":7,"minecraft:spruce_planks":108,"minecraft:wooden_pickaxe":1,"minecraft:iron_helmet":1,"minecraft:bucket":4,"minecraft:birch_planks":256,"minecraft:stone_axe":2,"minecraft:bread":6,"minecraft:air":0,"minecraft:jungle_planks":12,"minecraft:iron_chestplate":1,"minecraft:diamond_pickaxe":1,"minecraft:shield":1,"minecraft:stick":100,"minecraft:iron_ingot":68,"minecraft:iron_pickaxe":4,"minecraft:stone_sword":1,"minecraft:iron_leggings":1,"minecraft:white_bed":2,"minecraft:torch":140,"minecraft:shears":1,"minecraft:lapis_block":18,"minecraft:polished_andesite":128,"minecraft:jungle_button":1},"minecraft:dropped":{"minecraft:water_bucket":1,"minecraft:iron_ingot":85,"minecraft:birch_planks":1,"minecraft:diamond":44,"minecraft:orange_tulip":1,"minecraft:oak_fence":2,"minecraft:feather":3,"minecraft:cobblestone":297,"minecraft:granite":21,"minecraft:spruce_button":3,"minecraft:spruce_stairs":1,"minecraft:rail":5,"minecraft:coal":15,"minecraft:cobblestone_stairs":2,"minecraft:oxeye_daisy":1,"minecraft:jungle_button":2,"minecraft:diorite":66,"minecraft:snowball":1,"minecraft:wooden_sword":1,"minecraft:jungle_leaves":6,"minecraft:white_wool":1,"minecraft:bucket":1,"minecraft:dandelion":3,"minecraft:redstone":7,"minecraft:gravel":34,"minecraft:furnace":1,"minecraft:detector_rail":4,"minecraft:oak_planks":2,"minecraft:diamond_shovel":1,"minecraft:carrot":1,"minecraft:cobblestone_slab":126,"minecraft:spruce_planks":13,"minecraft:diamond_pickaxe":1,"minecraft:andesite":68,"minecraft:light_gray_bed":1,"minecraft:oak_sapling":1,"minecraft:wooden_pickaxe":1,"minecraft:arrow":1,"minecraft:glass":2,"minecraft:oak_leaves":3},"minecraft:killed":{"minecraft:zombie_pigman":1,"minecraft:spider":3,"minecraft:phantom":3,"minecraft:skeleton":9,"minecraft:chicken":6,"minecraft:parrot":1,"minecraft:pig":28,"minecraft:creeper":3,"minecraft:sheep":12,"minecraft:zombie":18,"minecraft:cow":9},"minecraft:mined":{"minecraft:diamond_ore":39,"minecraft:spruce_planks":24,"minecraft:white_bed":2,"minecraft:farmland":32,"minecraft:cobblestone_stairs":2,"minecraft:jungle_leaves":34,"minecraft:obsidian":17,"minecraft:granite":64,"minecraft:grass_block":250,"minecraft:jungle_log":3,"minecraft:light_gray_bed":1,"minecraft:polished_diorite":8,"minecraft:spruce_leaves":34,"minecraft:redstone_ore":117,"minecraft:furnace":7,"minecraft:carrots":17,"minecraft:iron_ore":283,"minecraft:snow":1,"minecraft:andesite":209,"minecraft:vine":6,"minecraft:cobblestone_slab":10,"minecraft:rail":1,"minecraft:stone":1670,"minecraft:white_wool":1,"minecraft:oak_slab":4,"minecraft:redstone_block":16,"minecraft:glass_pane":1,"minecraft:oak_fence":28,"minecraft:crafting_table":8,"minecraft:torch":7,"minecraft:chest":2,"minecraft:glass":6,"minecraft:cobblestone":166,"minecraft:lapis_ore":24,"minecraft:oak_planks":87,"minecraft:diorite":225,"minecraft:spruce_stairs":1,"minecraft:birch_planks":18,"minecraft:wheat":17,"minecraft:spruce_log":29,"minecraft:birch_leaves":2,"minecraft:grass_path":6,"minecraft:grass":67,"minecraft:oak_log":4,"minecraft:coal_ore":323,"minecraft:cocoa":13,"minecraft:gravel":25,"minecraft:sand":131,"minecraft:dirt":194,"minecraft:polished_andesite":14,"minecraft:gold_ore":57,"minecraft:oak_leaves":49,"minecraft:fern":3}},"DataVersion":1631}