{"stats":{"minecraft:killed":{"minecraft:pig":1,"minecraft:spider":2,"minecraft:skeleton":3,"minecraft:zombie":7,"minecraft:chicken":2},"minecraft:crafted":{"minecraft:wooden_sword":1,"minecraft:cooked_porkchop":2,"minecraft:crafting_table":3,"minecraft:spruce_planks":84,"minecraft:spruce_button":3,"minecraft:wooden_pickaxe":1,"minecraft:cooked_chicken":2,"minecraft:furnace":1,"minecraft:bone_meal":12,"minecraft:stone_axe":1,"minecraft:bread":3,"minecraft:air":0,"minecraft:shield":1,"minecraft:stick":48,"minecraft:iron_ingot":16,"minecraft:iron_pickaxe":3,"minecraft:stone_pickaxe":5,"minecraft:stone_sword":1,"minecraft:chest":1,"minecraft:torch":64,"minecraft:stone_hoe":1},"minecraft:dropped":{"minecraft:feather":1,"minecraft:granite":3,"minecraft:spruce_button":3,"minecraft:spruce_stairs":1,"minecraft:diorite":8,"minecraft:andesite":7,"minecraft:wooden_sword":1,"minecraft:wooden_pickaxe":1},"minecraft:mined":{"minecraft:diamond_ore":8,"minecraft:spruce_planks":12,"minecraft:glass_pane":1,"minecraft:crafting_table":3,"minecraft:torch":1,"minecraft:granite":36,"minecraft:grass_block":2,"minecraft:cobblestone":66,"minecraft:spruce_leaves":5,"minecraft:lapis_ore":13,"minecraft:diorite":33,"minecraft:spruce_stairs":1,"minecraft:redstone_ore":27,"minecraft:furnace":3,"minecraft:carrots":16,"minecraft:iron_ore":131,"minecraft:wheat":11,"minecraft:spruce_log":22,"minecraft:andesite":67,"minecraft:grass_path":2,"minecraft:coal_ore":302,"minecraft:gravel":1,"minecraft:dirt":8,"minecraft:stone":565,"minecraft:gold_ore":42},"minecraft:broken":{"minecraft:stone_pickaxe":5,"minecraft:iron_pickaxe":2},"minecraft:picked_up":{"minecraft:wheat":9,"minecraft:crafting_table":3,"minecraft:feather":1,"minecraft:chicken":2,"minecraft:andesite":70,"minecraft:lapis_lazuli":73,"minecraft:dirt":23,"minecraft:string":4,"minecraft:bone":6,"minecraft:wheat_seeds":18,"minecraft:spruce_planks":35,"minecraft:iron_ingot":1,"minecraft:iron_ore":135,"minecraft:furnace":3,"minecraft:torch":1,"minecraft:spruce_stairs":1,"minecraft:gravel":2,"minecraft:porkchop":2,"minecraft:carrot":38,"minecraft:diorite":32,"minecraft:spruce_log":21,"minecraft:redstone":125,"minecraft:gold_ore":44,"minecraft:arrow":5,"minecraft:rotten_flesh":9,"minecraft:diamond":9,"minecraft:granite":32,"minecraft:coal":311,"minecraft:cobblestone":547},"minecraft:used":{"minecraft:diorite":1,"minecraft:stone_sword":36,"minecraft:stone_pickaxe":647,"minecraft:chest":1,"minecraft:spruce_planks":28,"minecraft:wooden_pickaxe":9,"minecraft:cooked_chicken":2,"minecraft:stone_hoe":7,"minecraft:torch":62,"minecraft:dirt":10,"minecraft:crafting_table":6,"minecraft:carrot":28,"minecraft:granite":20,"minecraft:bread":3,"minecraft:iron_pickaxe":642,"minecraft:gravel":2,"minecraft:stone_axe":75,"minecraft:wooden_sword":6,"minecraft:cobblestone":288,"minecraft:furnace":4,"minecraft:cooked_porkchop":2,"minecraft:andesite":10},"minecraft:custom":{"minecraft:interact_with_furnace":23,"minecraft:mob_kills":16,"minecraft:interact_with_crafting_table":22,"minecraft:play_one_minute":92675,"minecraft:leave_game":5,"minecraft:time_since_death":92675,"minecraft:time_since_rest":771,"minecraft:sprint_one_cm":83737,"minecraft:damage_taken":1205,"minecraft:walk_one_cm":130274,"minecraft:damage_blocked_by_shield":195,"minecraft:drop":10,"minecraft:damage_dealt":2316,"minecraft:fly_one_cm":79368,"minecraft:open_chest":7,"minecraft:crouch_one_cm":125608,"minecraft:sneak_time":38467,"minecraft:walk_under_water_one_cm":1782,"minecraft:jump":727,"minecraft:walk_on_water_one_cm":2957,"minecraft:fall_one_cm":11942}},"DataVersion":1631}