{"stats":{"minecraft:killed":{"minecraft:zombie_pigman":1,"minecraft:spider":3,"minecraft:phantom":3,"minecraft:skeleton":14,"minecraft:chicken":6,"minecraft:parrot":1,"minecraft:pig":28,"minecraft:creeper":3,"minecraft:sheep":12,"minecraft:zombie":25,"minecraft:cow":9},"minecraft:crafted":{"minecraft:jungle_button":1,"minecraft:wooden_sword":1,"minecraft:cobblestone_slab":174,"minecraft:coal":9,"minecraft:spruce_button":3,"minecraft:cooked_chicken":3,"minecraft:furnace":12,"minecraft:stone":47,"minecraft:bone_meal":33,"minecraft:cooked_mutton":25,"minecraft:flint_and_steel":1,"minecraft:glass":181,"minecraft:iron_boots":1,"minecraft:polished_diorite":160,"minecraft:iron_axe":4,"minecraft:melon_seeds":9,"minecraft:stone_pickaxe":5,"minecraft:chest":5,"minecraft:redstone_block":123,"minecraft:stone_hoe":3,"minecraft:oak_fence":21,"minecraft:cooked_beef":18,"minecraft:coal_block":33,"minecraft:oak_slab":96,"minecraft:cooked_porkchop":37,"minecraft:crafting_table":10,"minecraft:spruce_planks":132,"minecraft:wooden_pickaxe":1,"minecraft:iron_helmet":1,"minecraft:iron_sword":1,"minecraft:bucket":4,"minecraft:birch_planks":256,"minecraft:stone_axe":2,"minecraft:bread":6,"minecraft:air":0,"minecraft:jungle_planks":140,"minecraft:iron_chestplate":1,"minecraft:diamond_pickaxe":1,"minecraft:shield":2,"minecraft:stick":144,"minecraft:iron_ingot":87,"minecraft:iron_pickaxe":15,"minecraft:stone_sword":1,"minecraft:iron_leggings":1,"minecraft:white_bed":2,"minecraft:torch":200,"minecraft:shears":1,"minecraft:lapis_block":18,"minecraft:polished_andesite":128},"minecraft:custom":{"minecraft:mob_kills":106,"minecraft:interact_with_crafting_table":94,"minecraft:leave_game":19,"minecraft:time_since_death":738,"minecraft:climb_one_cm":7365,"minecraft:sprint_one_cm":978622,"minecraft:walk_one_cm":1149732,"minecraft:damage_blocked_by_shield":1905,"minecraft:drop":95,"minecraft:damage_dealt_absorbed":13,"minecraft:sneak_time":159183,"minecraft:deaths":3,"minecraft:walk_under_water_one_cm":19819,"minecraft:jump":6377,"minecraft:walk_on_water_one_cm":45457,"minecraft:interact_with_furnace":178,"minecraft:play_one_minute":553456,"minecraft:sleep_in_bed":11,"minecraft:time_since_rest":879,"minecraft:damage_absorbed":40,"minecraft:damage_taken":5454,"minecraft:damage_dealt":16462,"minecraft:swim_one_cm":15674,"minecraft:fly_one_cm":932855,"minecraft:open_chest":226,"minecraft:crouch_one_cm":585215,"minecraft:fall_one_cm":134930},"minecraft:dropped":{"minecraft:water_bucket":1,"minecraft:iron_ingot":85,"minecraft:birch_planks":33,"minecraft:diamond":44,"minecraft:orange_tulip":1,"minecraft:oak_fence":2,"minecraft:feather":3,"minecraft:cobblestone":1129,"minecraft:granite":42,"minecraft:spruce_button":3,"minecraft:spruce_stairs":1,"minecraft:rail":5,"minecraft:coal":15,"minecraft:cobblestone_stairs":2,"minecraft:oxeye_daisy":1,"minecraft:dirt":24,"minecraft:jungle_button":2,"minecraft:diorite":92,"minecraft:torch":3,"minecraft:snowball":1,"minecraft:wooden_sword":1,"minecraft:jungle_leaves":6,"minecraft:white_wool":1,"minecraft:bucket":1,"minecraft:redstone":9,"minecraft:dandelion":3,"minecraft:gravel":42,"minecraft:furnace":1,"minecraft:detector_rail":4,"minecraft:rotten_flesh":4,"minecraft:oak_planks":2,"minecraft:diamond_shovel":1,"minecraft:carrot":1,"minecraft:cobblestone_slab":126,"minecraft:spruce_planks":13,"minecraft:diamond_pickaxe":1,"minecraft:andesite":82,"minecraft:light_gray_bed":1,"minecraft:oak_sapling":1,"minecraft:arrow":1,"minecraft:glass":2,"minecraft:wooden_pickaxe":1,"minecraft:oak_leaves":3},"minecraft:mined":{"minecraft:diamond_ore":61,"minecraft:spruce_planks":24,"minecraft:white_bed":4,"minecraft:farmland":57,"minecraft:cobblestone_stairs":2,"minecraft:jungle_leaves":34,"minecraft:obsidian":17,"minecraft:granite":79,"minecraft:grass_block":251,"minecraft:jungle_log":3,"minecraft:light_gray_bed":1,"minecraft:spruce_leaves":39,"minecraft:polished_diorite":8,"minecraft:redstone_ore":256,"minecraft:carrots":18,"minecraft:furnace":13,"minecraft:jungle_sapling":1,"minecraft:iron_ore":459,"minecraft:snow":1,"minecraft:andesite":260,"minecraft:vine":6,"minecraft:cobblestone_slab":10,"minecraft:rail":1,"minecraft:stone":3083,"minecraft:white_wool":1,"minecraft:oak_slab":4,"minecraft:redstone_block":16,"minecraft:glass_pane":1,"minecraft:oak_fence":28,"minecraft:crafting_table":13,"minecraft:torch":9,"minecraft:melon":2,"minecraft:chest":7,"minecraft:glass":6,"minecraft:cobblestone":189,"minecraft:lapis_ore":35,"minecraft:oak_planks":87,"minecraft:sugar_cane":9,"minecraft:diorite":273,"minecraft:spruce_stairs":1,"minecraft:birch_planks":18,"minecraft:wheat":18,"minecraft:spruce_log":35,"minecraft:birch_leaves":2,"minecraft:grass_path":6,"minecraft:grass":67,"minecraft:oak_log":4,"minecraft:coal_ore":443,"minecraft:cocoa":13,"minecraft:gravel":37,"minecraft:dirt":469,"minecraft:sand":131,"minecraft:polished_andesite":14,"minecraft:gold_ore":76,"minecraft:oak_leaves":49,"minecraft:fern":3},"minecraft:killed_by":{"minecraft:creeper":2,"minecraft:zombie":1},"minecraft:picked_up":{"minecraft:spruce_leaves":4,"minecraft:cocoa_beans":53,"minecraft:crafting_table":12,"minecraft:wheat":16,"minecraft:redstone_block":17,"minecraft:chicken":7,"minecraft:string":5,"minecraft:gold_nugget":1,"minecraft:detector_rail":4,"minecraft:spruce_planks":83,"minecraft:beef":18,"minecraft:cobblestone_slab":77,"minecraft:jungle_sapling":6,"minecraft:light_gray_wool":1,"minecraft:melon_slice":11,"minecraft:sugar_cane":39,"minecraft:chest":8,"minecraft:birch_sapling":1,"minecraft:phantom_membrane":1,"minecraft:furnace":13,"minecraft:stick":2,"minecraft:oak_fence":28,"minecraft:torch":54,"minecraft:spruce_stairs":1,"minecraft:porkchop":58,"minecraft:diorite":282,"minecraft:carrot":45,"minecraft:redstone":1110,"minecraft:arrow":15,"minecraft:light_gray_bed":1,"minecraft:rotten_flesh":23,"minecraft:obsidian":18,"minecraft:mutton":18,"minecraft:snowball":1,"minecraft:rail":5,"minecraft:white_wool":10,"minecraft:cobblestone":3555,"minecraft:oxeye_daisy":1,"minecraft:feather":9,"minecraft:cooked_beef":3,"minecraft:andesite":256,"minecraft:jungle_log":8,"minecraft:leather":9,"minecraft:birch_planks":18,"minecraft:flint":5,"minecraft:oak_log":4,"minecraft:jungle_button":1,"minecraft:gunpowder":3,"minecraft:cobblestone_stairs":2,"minecraft:lapis_lazuli":227,"minecraft:dirt":741,"minecraft:cooked_mutton":7,"minecraft:bone":11,"minecraft:wheat_seeds":77,"minecraft:orange_tulip":1,"minecraft:iron_ingot":60,"minecraft:iron_ore":515,"minecraft:glowstone_dust":6,"minecraft:oak_planks":86,"minecraft:oak_slab":6,"minecraft:dandelion":2,"minecraft:gravel":46,"minecraft:sand":119,"minecraft:spruce_sapling":22,"minecraft:white_bed":6,"minecraft:spruce_log":33,"minecraft:gold_ore":85,"minecraft:jungle_leaves":6,"minecraft:stripped_jungle_log":4,"minecraft:polished_andesite":78,"minecraft:diamond_shovel":2,"minecraft:diamond":110,"minecraft:polished_diorite":7,"minecraft:granite":80,"minecraft:oak_sapling":1,"minecraft:oak_leaves":3,"minecraft:coal":467,"minecraft:diamond_pickaxe":1},"minecraft:used":{"minecraft:beetroot":1,"minecraft:stone_sword":36,"minecraft:flint_and_steel":1,"minecraft:redstone":1,"minecraft:chest":13,"minecraft:spruce_planks":166,"minecraft:stone":31,"minecraft:iron_sword":5,"minecraft:cooked_salmon":1,"minecraft:cooked_chicken":4,"minecraft:stone_hoe":147,"minecraft:torch":214,"minecraft:dirt":242,"minecraft:cocoa_beans":1,"minecraft:jungle_planks":1,"minecraft:carrot":44,"minecraft:granite":20,"minecraft:obsidian":12,"minecraft:polished_diorite":120,"minecraft:jungle_sapling":8,"minecraft:glass":125,"minecraft:lava_bucket":2,"minecraft:iron_axe":432,"minecraft:birch_sapling":1,"minecraft:jungle_log":1,"minecraft:melon_seeds":14,"minecraft:furnace":19,"minecraft:cooked_beef":21,"minecraft:wheat_seeds":47,"minecraft:cooked_mutton":12,"minecraft:water_bucket":45,"minecraft:diorite":1,"minecraft:iron_ore":1,"minecraft:birch_planks":114,"minecraft:stone_pickaxe":647,"minecraft:polished_andesite":122,"minecraft:oak_planks":34,"minecraft:wooden_pickaxe":9,"minecraft:redstone_block":21,"minecraft:sugar_cane":36,"minecraft:cobblestone_slab":125,"minecraft:golden_apple":1,"minecraft:oak_slab":76,"minecraft:crafting_table":20,"minecraft:white_bed":6,"minecraft:shears":18,"minecraft:diamond_pickaxe":1487,"minecraft:diamond_shovel":869,"minecraft:melon_slice":2,"minecraft:bread":9,"minecraft:iron_pickaxe":3192,"minecraft:gravel":2,"minecraft:spruce_sapling":3,"minecraft:stone_axe":186,"minecraft:wooden_sword":6,"minecraft:cobblestone":1609,"minecraft:cooked_porkchop":20,"minecraft:andesite":10,"minecraft:bucket":48,"minecraft:bone_meal":3,"minecraft:oak_fence":35},"minecraft:broken":{"minecraft:stone_hoe":1,"minecraft:stone_pickaxe":5,"minecraft:iron_axe":2,"minecraft:stone_axe":1,"minecraft:iron_pickaxe":12}},"DataVersion":1631}