{"stats":{"minecraft:killed":{"minecraft:pig":1,"minecraft:spider":2,"minecraft:skeleton":1,"minecraft:zombie":2,"minecraft:chicken":2},"minecraft:crafted":{"minecraft:wooden_sword":1,"minecraft:cooked_porkchop":2,"minecraft:crafting_table":2,"minecraft:spruce_planks":84,"minecraft:spruce_button":3,"minecraft:wooden_pickaxe":1,"minecraft:cooked_chicken":2,"minecraft:furnace":1,"minecraft:bone_meal":12,"minecraft:stone_axe":1,"minecraft:bread":3,"minecraft:air":0,"minecraft:shield":1,"minecraft:stick":32,"minecraft:iron_ingot":6,"minecraft:iron_pickaxe":1,"minecraft:stone_pickaxe":3,"minecraft:stone_sword":1,"minecraft:torch":28,"minecraft:stone_hoe":1},"minecraft:dropped":{"minecraft:feather":1,"minecraft:diorite":5,"minecraft:andesite":6},"minecraft:mined":{"minecraft:spruce_planks":12,"minecraft:glass_pane":1,"minecraft:crafting_table":2,"minecraft:granite":18,"minecraft:grass_block":2,"minecraft:cobblestone":34,"minecraft:spruce_leaves":5,"minecraft:lapis_ore":5,"minecraft:diorite":6,"minecraft:spruce_stairs":1,"minecraft:furnace":2,"minecraft:carrots":16,"minecraft:iron_ore":22,"minecraft:wheat":11,"minecraft:spruce_log":22,"minecraft:andesite":6,"minecraft:grass_path":2,"minecraft:coal_ore":84,"minecraft:dirt":7,"minecraft:stone":267,"minecraft:gold_ore":2},"minecraft:broken":{"minecraft:stone_pickaxe":3},"minecraft:picked_up":{"minecraft:wheat":9,"minecraft:crafting_table":2,"minecraft:feather":1,"minecraft:chicken":2,"minecraft:andesite":6,"minecraft:lapis_lazuli":28,"minecraft:dirt":23,"minecraft:string":4,"minecraft:bone":4,"minecraft:wheat_seeds":18,"minecraft:spruce_planks":12,"minecraft:iron_ingot":1,"minecraft:iron_ore":22,"minecraft:furnace":2,"minecraft:spruce_stairs":1,"minecraft:gravel":1,"minecraft:porkchop":2,"minecraft:carrot":38,"minecraft:diorite":6,"minecraft:spruce_log":21,"minecraft:gold_ore":2,"minecraft:arrow":3,"minecraft:granite":18,"minecraft:coal":86,"minecraft:cobblestone":244},"minecraft:used":{"minecraft:diorite":1,"minecraft:stone_sword":36,"minecraft:stone_pickaxe":385,"minecraft:spruce_planks":20,"minecraft:wooden_pickaxe":9,"minecraft:cooked_chicken":2,"minecraft:stone_hoe":7,"minecraft:torch":21,"minecraft:dirt":10,"minecraft:crafting_table":3,"minecraft:carrot":14,"minecraft:granite":11,"minecraft:iron_pickaxe":55,"minecraft:gravel":1,"minecraft:stone_axe":43,"minecraft:wooden_sword":6,"minecraft:cobblestone":91,"minecraft:furnace":2,"minecraft:cooked_porkchop":1},"minecraft:custom":{"minecraft:interact_with_furnace":14,"minecraft:mob_kills":8,"minecraft:interact_with_crafting_table":14,"minecraft:play_one_minute":42375,"minecraft:leave_game":5,"minecraft:time_since_death":42375,"minecraft:time_since_rest":42375,"minecraft:sprint_one_cm":43303,"minecraft:damage_taken":450,"minecraft:walk_one_cm":52030,"minecraft:drop":3,"minecraft:damage_dealt":1002,"minecraft:fly_one_cm":41369,"minecraft:crouch_one_cm":45135,"minecraft:sneak_time":15144,"minecraft:jump":340,"minecraft:walk_on_water_one_cm":320,"minecraft:fall_one_cm":5376}},"DataVersion":1631}