{"stats":{"minecraft:picked_up":{"minecraft:wheat":9,"minecraft:crafting_table":3,"minecraft:feather":1,"minecraft:chicken":2,"minecraft:andesite":89,"minecraft:flint":2,"minecraft:dirt":23,"minecraft:lapis_lazuli":159,"minecraft:string":4,"minecraft:bone":6,"minecraft:wheat_seeds":18,"minecraft:detector_rail":4,"minecraft:spruce_planks":35,"minecraft:iron_ingot":1,"minecraft:iron_ore":291,"minecraft:chest":1,"minecraft:oak_planks":80,"minecraft:furnace":3,"minecraft:oak_slab":6,"minecraft:oak_fence":26,"minecraft:torch":6,"minecraft:spruce_stairs":1,"minecraft:gravel":29,"minecraft:porkchop":2,"minecraft:diorite":76,"minecraft:spruce_log":21,"minecraft:carrot":38,"minecraft:redstone":545,"minecraft:gold_ore":60,"minecraft:arrow":5,"minecraft:rotten_flesh":11,"minecraft:diamond":44,"minecraft:granite":41,"minecraft:obsidian":18,"minecraft:coal":334,"minecraft:rail":5,"minecraft:cobblestone":1273},"minecraft:used":{"minecraft:oak_fence":16,"minecraft:diorite":1,"minecraft:stone_sword":36,"minecraft:stone_pickaxe":647,"minecraft:chest":1,"minecraft:spruce_planks":28,"minecraft:wooden_pickaxe":9,"minecraft:cooked_chicken":2,"minecraft:stone_hoe":7,"minecraft:torch":121,"minecraft:dirt":10,"minecraft:oak_slab":76,"minecraft:crafting_table":7,"minecraft:carrot":34,"minecraft:granite":20,"minecraft:diamond_pickaxe":554,"minecraft:iron_axe":82,"minecraft:bread":6,"minecraft:iron_pickaxe":1217,"minecraft:gravel":2,"minecraft:stone_axe":111,"minecraft:wooden_sword":6,"minecraft:cobblestone":476,"minecraft:furnace":4,"minecraft:cooked_porkchop":2,"minecraft:andesite":10},"minecraft:crafted":{"minecraft:coal_block":33,"minecraft:wooden_sword":1,"minecraft:oak_slab":96,"minecraft:cooked_porkchop":2,"minecraft:crafting_table":4,"minecraft:spruce_planks":84,"minecraft:wooden_pickaxe":1,"minecraft:spruce_button":3,"minecraft:cooked_chicken":2,"minecraft:furnace":1,"minecraft:bone_meal":12,"minecraft:stone_axe":1,"minecraft:bread":3,"minecraft:air":0,"minecraft:diamond_pickaxe":1,"minecraft:shield":1,"minecraft:iron_axe":1,"minecraft:stick":56,"minecraft:iron_ingot":59,"minecraft:iron_pickaxe":4,"minecraft:stone_pickaxe":5,"minecraft:stone_sword":1,"minecraft:chest":1,"minecraft:redstone_block":60,"minecraft:torch":104,"minecraft:stone_hoe":1},"minecraft:killed":{"minecraft:pig":1,"minecraft:spider":2,"minecraft:skeleton":3,"minecraft:zombie":8,"minecraft:chicken":2},"minecraft:mined":{"minecraft:diamond_ore":39,"minecraft:oak_slab":4,"minecraft:spruce_planks":12,"minecraft:glass_pane":1,"minecraft:oak_fence":26,"minecraft:obsidian":17,"minecraft:crafting_table":4,"minecraft:torch":6,"minecraft:granite":49,"minecraft:grass_block":2,"minecraft:cobblestone":82,"minecraft:spruce_leaves":5,"minecraft:lapis_ore":24,"minecraft:oak_planks":81,"minecraft:diorite":80,"minecraft:spruce_stairs":1,"minecraft:redstone_ore":117,"minecraft:carrots":16,"minecraft:furnace":3,"minecraft:iron_ore":273,"minecraft:wheat":11,"minecraft:spruce_log":22,"minecraft:andesite":93,"minecraft:grass_path":2,"minecraft:coal_ore":323,"minecraft:rail":1,"minecraft:gravel":17,"minecraft:dirt":12,"minecraft:stone":1261,"minecraft:gold_ore":56},"minecraft:dropped":{"minecraft:gravel":27,"minecraft:detector_rail":4,"minecraft:oak_fence":2,"minecraft:feather":1,"minecraft:granite":21,"minecraft:spruce_button":3,"minecraft:spruce_stairs":1,"minecraft:rail":5,"minecraft:diorite":64,"minecraft:andesite":68,"minecraft:wooden_sword":1,"minecraft:wooden_pickaxe":1},"minecraft:broken":{"minecraft:stone_pickaxe":5,"minecraft:stone_axe":1,"minecraft:iron_pickaxe":5},"minecraft:custom":{"minecraft:interact_with_furnace":24,"minecraft:mob_kills":17,"minecraft:interact_with_crafting_table":38,"minecraft:play_one_minute":174530,"minecraft:leave_game":7,"minecraft:time_since_death":174530,"minecraft:time_since_rest":82626,"minecraft:sprint_one_cm":232103,"minecraft:damage_taken":1205,"minecraft:walk_one_cm":282844,"minecraft:damage_blocked_by_shield":195,"minecraft:drop":25,"minecraft:damage_dealt":2515,"minecraft:fly_one_cm":124601,"minecraft:open_chest":16,"minecraft:crouch_one_cm":218547,"minecraft:sneak_time":66512,"minecraft:walk_under_water_one_cm":1782,"minecraft:jump":1365,"minecraft:walk_on_water_one_cm":8515,"minecraft:fall_one_cm":14007}},"DataVersion":1631}