{"stats":{"minecraft:picked_up":{"minecraft:wheat":9,"minecraft:crafting_table":3,"minecraft:feather":1,"minecraft:cooked_beef":3,"minecraft:chicken":2,"minecraft:andesite":89,"minecraft:leather":4,"minecraft:flint":2,"minecraft:dirt":23,"minecraft:lapis_lazuli":159,"minecraft:string":4,"minecraft:bone":7,"minecraft:wheat_seeds":18,"minecraft:detector_rail":4,"minecraft:spruce_planks":36,"minecraft:beef":7,"minecraft:iron_ingot":1,"minecraft:iron_ore":300,"minecraft:chest":1,"minecraft:birch_sapling":1,"minecraft:oak_planks":86,"minecraft:furnace":4,"minecraft:oak_slab":6,"minecraft:oak_fence":26,"minecraft:torch":7,"minecraft:spruce_stairs":1,"minecraft:gravel":29,"minecraft:porkchop":5,"minecraft:white_bed":1,"minecraft:diorite":76,"minecraft:spruce_log":22,"minecraft:carrot":39,"minecraft:redstone":545,"minecraft:gold_ore":60,"minecraft:arrow":5,"minecraft:rotten_flesh":13,"minecraft:diamond":85,"minecraft:granite":41,"minecraft:obsidian":18,"minecraft:coal":334,"minecraft:rail":5,"minecraft:cobblestone":1277},"minecraft:used":{"minecraft:oak_fence":16,"minecraft:diorite":1,"minecraft:stone_sword":36,"minecraft:stone_pickaxe":647,"minecraft:oak_planks":32,"minecraft:chest":2,"minecraft:spruce_planks":29,"minecraft:wooden_pickaxe":9,"minecraft:cooked_chicken":2,"minecraft:stone_hoe":7,"minecraft:torch":124,"minecraft:dirt":10,"minecraft:oak_slab":76,"minecraft:crafting_table":8,"minecraft:carrot":37,"minecraft:granite":20,"minecraft:diamond_pickaxe":644,"minecraft:birch_sapling":1,"minecraft:iron_axe":114,"minecraft:bread":6,"minecraft:iron_pickaxe":1217,"minecraft:gravel":2,"minecraft:stone_axe":111,"minecraft:wooden_sword":6,"minecraft:cobblestone":488,"minecraft:furnace":4,"minecraft:cooked_porkchop":2,"minecraft:andesite":10,"minecraft:cooked_beef":6},"minecraft:crafted":{"minecraft:coal_block":33,"minecraft:wooden_sword":1,"minecraft:oak_slab":96,"minecraft:cooked_porkchop":2,"minecraft:crafting_table":5,"minecraft:spruce_planks":88,"minecraft:iron_helmet":1,"minecraft:wooden_pickaxe":1,"minecraft:spruce_button":3,"minecraft:cooked_chicken":2,"minecraft:furnace":1,"minecraft:bone_meal":12,"minecraft:stone_axe":1,"minecraft:bread":3,"minecraft:air":0,"minecraft:iron_boots":1,"minecraft:iron_chestplate":1,"minecraft:diamond_pickaxe":1,"minecraft:shield":1,"minecraft:iron_axe":1,"minecraft:stick":56,"minecraft:iron_ingot":59,"minecraft:iron_pickaxe":4,"minecraft:stone_pickaxe":5,"minecraft:stone_sword":1,"minecraft:chest":1,"minecraft:iron_leggings":1,"minecraft:redstone_block":60,"minecraft:torch":104,"minecraft:stone_hoe":1,"minecraft:lapis_block":18,"minecraft:cooked_beef":7},"minecraft:killed":{"minecraft:pig":3,"minecraft:spider":2,"minecraft:skeleton":3,"minecraft:zombie":10,"minecraft:chicken":2,"minecraft:cow":4},"minecraft:mined":{"minecraft:diamond_ore":39,"minecraft:oak_slab":4,"minecraft:spruce_planks":13,"minecraft:glass_pane":1,"minecraft:oak_fence":26,"minecraft:obsidian":17,"minecraft:crafting_table":4,"minecraft:torch":6,"minecraft:granite":49,"minecraft:grass_block":5,"minecraft:cobblestone":82,"minecraft:spruce_leaves":5,"minecraft:lapis_ore":24,"minecraft:oak_planks":87,"minecraft:diorite":80,"minecraft:spruce_stairs":1,"minecraft:redstone_ore":117,"minecraft:carrots":16,"minecraft:furnace":4,"minecraft:iron_ore":281,"minecraft:wheat":11,"minecraft:birch_leaves":2,"minecraft:spruce_log":24,"minecraft:andesite":94,"minecraft:grass_path":2,"minecraft:grass":1,"minecraft:coal_ore":323,"minecraft:rail":1,"minecraft:gravel":17,"minecraft:dirt":17,"minecraft:stone":1333,"minecraft:gold_ore":56,"minecraft:oak_leaves":4},"minecraft:dropped":{"minecraft:gravel":27,"minecraft:detector_rail":4,"minecraft:diamond":41,"minecraft:oak_fence":2,"minecraft:feather":1,"minecraft:oak_planks":2,"minecraft:granite":21,"minecraft:spruce_button":3,"minecraft:spruce_stairs":1,"minecraft:rail":5,"minecraft:carrot":1,"minecraft:coal":15,"minecraft:diorite":64,"minecraft:spruce_planks":6,"minecraft:andesite":68,"minecraft:wooden_sword":1,"minecraft:wooden_pickaxe":1,"minecraft:iron_ingot":27,"minecraft:furnace":1,"minecraft:redstone":7},"minecraft:broken":{"minecraft:stone_pickaxe":5,"minecraft:stone_axe":1,"minecraft:iron_pickaxe":5},"minecraft:custom":{"minecraft:interact_with_furnace":32,"minecraft:mob_kills":25,"minecraft:interact_with_crafting_table":40,"minecraft:play_one_minute":199248,"minecraft:leave_game":7,"minecraft:time_since_death":199248,"minecraft:climb_one_cm":2040,"minecraft:sleep_in_bed":2,"minecraft:time_since_rest":6481,"minecraft:sprint_one_cm":305375,"minecraft:damage_taken":1650,"minecraft:walk_one_cm":333516,"minecraft:damage_blocked_by_shield":195,"minecraft:drop":33,"minecraft:damage_dealt":3593,"minecraft:damage_dealt_absorbed":13,"minecraft:fly_one_cm":198844,"minecraft:open_chest":22,"minecraft:crouch_one_cm":233178,"minecraft:sneak_time":70529,"minecraft:walk_under_water_one_cm":1782,"minecraft:jump":1794,"minecraft:walk_on_water_one_cm":9189,"minecraft:fall_one_cm":28784}},"DataVersion":1631}