{"stats":{"minecraft:killed":{"minecraft:pig":1,"minecraft:spider":2,"minecraft:skeleton":3,"minecraft:zombie":6,"minecraft:chicken":2},"minecraft:crafted":{"minecraft:wooden_sword":1,"minecraft:cooked_porkchop":2,"minecraft:crafting_table":3,"minecraft:spruce_planks":84,"minecraft:spruce_button":3,"minecraft:wooden_pickaxe":1,"minecraft:cooked_chicken":2,"minecraft:furnace":1,"minecraft:bone_meal":12,"minecraft:stone_axe":1,"minecraft:bread":3,"minecraft:air":0,"minecraft:shield":1,"minecraft:stick":36,"minecraft:iron_ingot":7,"minecraft:iron_pickaxe":2,"minecraft:stone_pickaxe":5,"minecraft:stone_sword":1,"minecraft:torch":56,"minecraft:stone_hoe":1},"minecraft:dropped":{"minecraft:feather":1,"minecraft:granite":3,"minecraft:spruce_button":3,"minecraft:spruce_stairs":1,"minecraft:diorite":8,"minecraft:andesite":7,"minecraft:wooden_sword":1,"minecraft:wooden_pickaxe":1},"minecraft:mined":{"minecraft:spruce_planks":12,"minecraft:glass_pane":1,"minecraft:crafting_table":3,"minecraft:torch":1,"minecraft:granite":26,"minecraft:grass_block":2,"minecraft:cobblestone":66,"minecraft:spruce_leaves":5,"minecraft:lapis_ore":13,"minecraft:diorite":11,"minecraft:spruce_stairs":1,"minecraft:redstone_ore":27,"minecraft:furnace":3,"minecraft:carrots":16,"minecraft:iron_ore":110,"minecraft:wheat":11,"minecraft:spruce_log":22,"minecraft:andesite":12,"minecraft:grass_path":2,"minecraft:coal_ore":287,"minecraft:gravel":1,"minecraft:dirt":8,"minecraft:stone":390,"minecraft:gold_ore":42},"minecraft:broken":{"minecraft:stone_pickaxe":5,"minecraft:iron_pickaxe":1},"minecraft:picked_up":{"minecraft:wheat":9,"minecraft:crafting_table":3,"minecraft:feather":1,"minecraft:chicken":2,"minecraft:andesite":11,"minecraft:lapis_lazuli":73,"minecraft:dirt":23,"minecraft:string":4,"minecraft:bone":6,"minecraft:wheat_seeds":18,"minecraft:spruce_planks":35,"minecraft:iron_ingot":1,"minecraft:iron_ore":112,"minecraft:furnace":3,"minecraft:torch":1,"minecraft:spruce_stairs":1,"minecraft:gravel":2,"minecraft:porkchop":2,"minecraft:carrot":38,"minecraft:diorite":10,"minecraft:spruce_log":21,"minecraft:redstone":125,"minecraft:gold_ore":44,"minecraft:arrow":5,"minecraft:rotten_flesh":7,"minecraft:granite":21,"minecraft:coal":295,"minecraft:cobblestone":361},"minecraft:used":{"minecraft:diorite":1,"minecraft:stone_sword":36,"minecraft:stone_pickaxe":647,"minecraft:spruce_planks":20,"minecraft:wooden_pickaxe":9,"minecraft:cooked_chicken":2,"minecraft:stone_hoe":7,"minecraft:torch":53,"minecraft:dirt":10,"minecraft:crafting_table":5,"minecraft:carrot":23,"minecraft:granite":18,"minecraft:bread":3,"minecraft:iron_pickaxe":336,"minecraft:gravel":1,"minecraft:stone_axe":72,"minecraft:wooden_sword":6,"minecraft:cobblestone":269,"minecraft:furnace":3,"minecraft:cooked_porkchop":2,"minecraft:andesite":2},"minecraft:custom":{"minecraft:interact_with_furnace":18,"minecraft:mob_kills":15,"minecraft:interact_with_crafting_table":18,"minecraft:play_one_minute":80675,"minecraft:leave_game":5,"minecraft:time_since_death":80675,"minecraft:time_since_rest":80675,"minecraft:sprint_one_cm":71092,"minecraft:damage_taken":1105,"minecraft:walk_one_cm":112073,"minecraft:damage_blocked_by_shield":195,"minecraft:drop":10,"minecraft:damage_dealt":2115,"minecraft:fly_one_cm":68165,"minecraft:crouch_one_cm":105394,"minecraft:sneak_time":32937,"minecraft:walk_under_water_one_cm":1782,"minecraft:jump":634,"minecraft:walk_on_water_one_cm":2957,"minecraft:fall_one_cm":9635}},"DataVersion":1631}