{"stats":{"minecraft:picked_up":{"minecraft:spruce_leaves":4,"minecraft:crafting_table":3,"minecraft:wheat":9,"minecraft:redstone_block":17,"minecraft:chicken":4,"minecraft:string":4,"minecraft:detector_rail":4,"minecraft:spruce_planks":41,"minecraft:beef":7,"minecraft:cobblestone_slab":77,"minecraft:chest":3,"minecraft:birch_sapling":1,"minecraft:furnace":4,"minecraft:oak_fence":28,"minecraft:torch":8,"minecraft:spruce_stairs":1,"minecraft:porkchop":8,"minecraft:diorite":76,"minecraft:carrot":39,"minecraft:redstone":545,"minecraft:arrow":6,"minecraft:rotten_flesh":13,"minecraft:obsidian":18,"minecraft:rail":5,"minecraft:cobblestone":1338,"minecraft:feather":3,"minecraft:cooked_beef":3,"minecraft:andesite":89,"minecraft:leather":4,"minecraft:flint":3,"minecraft:gunpowder":1,"minecraft:lapis_lazuli":159,"minecraft:dirt":72,"minecraft:cooked_mutton":7,"minecraft:bone":9,"minecraft:wheat_seeds":18,"minecraft:iron_ingot":1,"minecraft:iron_ore":300,"minecraft:oak_planks":86,"minecraft:oak_slab":6,"minecraft:gravel":36,"minecraft:sand":119,"minecraft:spruce_sapling":19,"minecraft:white_bed":2,"minecraft:spruce_log":27,"minecraft:gold_ore":60,"minecraft:diamond_shovel":2,"minecraft:diamond":85,"minecraft:granite":41,"minecraft:coal":334},"minecraft:crafted":{"minecraft:wooden_sword":1,"minecraft:cobblestone_slab":174,"minecraft:spruce_button":3,"minecraft:cooked_chicken":2,"minecraft:furnace":9,"minecraft:bone_meal":12,"minecraft:flint_and_steel":1,"minecraft:glass":127,"minecraft:iron_boots":1,"minecraft:iron_axe":1,"minecraft:stone_pickaxe":5,"minecraft:chest":3,"minecraft:redstone_block":60,"minecraft:stone_hoe":1,"minecraft:oak_fence":21,"minecraft:cooked_beef":7,"minecraft:coal_block":33,"minecraft:oak_slab":96,"minecraft:cooked_porkchop":2,"minecraft:crafting_table":6,"minecraft:spruce_planks":108,"minecraft:wooden_pickaxe":1,"minecraft:iron_helmet":1,"minecraft:bucket":2,"minecraft:stone_axe":1,"minecraft:bread":3,"minecraft:air":0,"minecraft:iron_chestplate":1,"minecraft:diamond_pickaxe":1,"minecraft:shield":1,"minecraft:stick":96,"minecraft:iron_ingot":68,"minecraft:iron_pickaxe":4,"minecraft:stone_sword":1,"minecraft:iron_leggings":1,"minecraft:torch":104,"minecraft:shears":1,"minecraft:lapis_block":18},"minecraft:used":{"minecraft:oak_fence":35,"minecraft:stone_sword":36,"minecraft:flint_and_steel":1,"minecraft:chest":6,"minecraft:spruce_planks":34,"minecraft:cooked_chicken":2,"minecraft:stone_hoe":7,"minecraft:torch":124,"minecraft:dirt":35,"minecraft:carrot":37,"minecraft:granite":20,"minecraft:obsidian":12,"minecraft:glass":125,"minecraft:iron_axe":162,"minecraft:birch_sapling":1,"minecraft:furnace":10,"minecraft:cooked_beef":10,"minecraft:cooked_mutton":3,"minecraft:water_bucket":5,"minecraft:diorite":1,"minecraft:stone_pickaxe":647,"minecraft:oak_planks":32,"minecraft:wooden_pickaxe":9,"minecraft:redstone_block":21,"minecraft:cobblestone_slab":125,"minecraft:golden_apple":1,"minecraft:oak_slab":76,"minecraft:crafting_table":9,"minecraft:shears":18,"minecraft:diamond_pickaxe":689,"minecraft:diamond_shovel":158,"minecraft:bread":6,"minecraft:iron_pickaxe":1217,"minecraft:gravel":2,"minecraft:stone_axe":111,"minecraft:wooden_sword":6,"minecraft:cobblestone":911,"minecraft:cooked_porkchop":5,"minecraft:andesite":10,"minecraft:bucket":6},"minecraft:killed":{"minecraft:spider":2,"minecraft:skeleton":5,"minecraft:chicken":4,"minecraft:pig":4,"minecraft:creeper":1,"minecraft:zombie":12,"minecraft:cow":4},"minecraft:mined":{"minecraft:diamond_ore":39,"minecraft:spruce_planks":17,"minecraft:obsidian":17,"minecraft:granite":49,"minecraft:grass_block":11,"minecraft:spruce_leaves":28,"minecraft:redstone_ore":117,"minecraft:furnace":4,"minecraft:carrots":16,"minecraft:iron_ore":281,"minecraft:andesite":94,"minecraft:cobblestone_slab":10,"minecraft:rail":1,"minecraft:stone":1333,"minecraft:oak_slab":4,"minecraft:redstone_block":16,"minecraft:glass_pane":1,"minecraft:oak_fence":28,"minecraft:crafting_table":4,"minecraft:torch":6,"minecraft:chest":2,"minecraft:glass":6,"minecraft:cobblestone":99,"minecraft:lapis_ore":24,"minecraft:oak_planks":87,"minecraft:diorite":80,"minecraft:spruce_stairs":1,"minecraft:wheat":11,"minecraft:spruce_log":29,"minecraft:birch_leaves":2,"minecraft:grass_path":2,"minecraft:grass":2,"minecraft:coal_ore":323,"minecraft:gravel":25,"minecraft:sand":131,"minecraft:dirt":48,"minecraft:gold_ore":56,"minecraft:oak_leaves":4},"minecraft:dropped":{"minecraft:iron_ingot":27,"minecraft:diamond":44,"minecraft:oak_fence":2,"minecraft:feather":1,"minecraft:cobblestone":114,"minecraft:granite":21,"minecraft:spruce_button":3,"minecraft:spruce_stairs":1,"minecraft:rail":5,"minecraft:coal":15,"minecraft:diorite":64,"minecraft:wooden_sword":1,"minecraft:redstone":7,"minecraft:gravel":27,"minecraft:furnace":1,"minecraft:detector_rail":4,"minecraft:oak_planks":2,"minecraft:diamond_shovel":1,"minecraft:carrot":1,"minecraft:cobblestone_slab":125,"minecraft:spruce_planks":6,"minecraft:andesite":68,"minecraft:wooden_pickaxe":1},"minecraft:broken":{"minecraft:stone_pickaxe":5,"minecraft:stone_axe":1,"minecraft:iron_pickaxe":5},"minecraft:custom":{"minecraft:mob_kills":33,"minecraft:interact_with_crafting_table":54,"minecraft:leave_game":11,"minecraft:time_since_death":254789,"minecraft:climb_one_cm":2040,"minecraft:sprint_one_cm":409234,"minecraft:walk_one_cm":493842,"minecraft:damage_blocked_by_shield":605,"minecraft:drop":42,"minecraft:damage_dealt_absorbed":13,"minecraft:sneak_time":84464,"minecraft:walk_under_water_one_cm":6744,"minecraft:jump":2490,"minecraft:walk_on_water_one_cm":13035,"minecraft:interact_with_furnace":73,"minecraft:play_one_minute":254789,"minecraft:sleep_in_bed":2,"minecraft:time_since_rest":62022,"minecraft:damage_taken":2497,"minecraft:damage_absorbed":40,"minecraft:damage_dealt":5531,"minecraft:swim_one_cm":1779,"minecraft:fly_one_cm":308834,"minecraft:open_chest":55,"minecraft:crouch_one_cm":295697,"minecraft:fall_one_cm":49875}},"DataVersion":1631}