{"stats":{"minecraft:picked_up":{"minecraft:spruce_leaves":4,"minecraft:crafting_table":6,"minecraft:wheat":14,"minecraft:redstone_block":17,"minecraft:chicken":6,"minecraft:string":5,"minecraft:gold_nugget":1,"minecraft:detector_rail":4,"minecraft:spruce_planks":83,"minecraft:beef":18,"minecraft:cobblestone_slab":77,"minecraft:light_gray_wool":1,"minecraft:chest":3,"minecraft:birch_sapling":1,"minecraft:furnace":6,"minecraft:phantom_membrane":1,"minecraft:oak_fence":28,"minecraft:torch":46,"minecraft:spruce_stairs":1,"minecraft:porkchop":58,"minecraft:diorite":239,"minecraft:carrot":42,"minecraft:redstone":545,"minecraft:arrow":6,"minecraft:rotten_flesh":15,"minecraft:obsidian":18,"minecraft:mutton":16,"minecraft:snowball":1,"minecraft:rail":5,"minecraft:white_wool":9,"minecraft:cobblestone":2044,"minecraft:feather":7,"minecraft:cooked_beef":3,"minecraft:andesite":216,"minecraft:leather":9,"minecraft:birch_planks":18,"minecraft:flint":3,"minecraft:oak_log":4,"minecraft:gunpowder":3,"minecraft:cobblestone_stairs":2,"minecraft:lapis_lazuli":159,"minecraft:dirt":427,"minecraft:cooked_mutton":7,"minecraft:bone":9,"minecraft:wheat_seeds":31,"minecraft:iron_ingot":59,"minecraft:iron_ore":302,"minecraft:oak_planks":86,"minecraft:oak_slab":6,"minecraft:gravel":36,"minecraft:sand":119,"minecraft:spruce_sapling":19,"minecraft:white_bed":3,"minecraft:spruce_log":27,"minecraft:gold_ore":61,"minecraft:polished_andesite":78,"minecraft:diamond_shovel":2,"minecraft:diamond":85,"minecraft:polished_diorite":7,"minecraft:granite":54,"minecraft:coal":334,"minecraft:diamond_pickaxe":1},"minecraft:custom":{"minecraft:mob_kills":86,"minecraft:interact_with_crafting_table":66,"minecraft:leave_game":16,"minecraft:time_since_death":392106,"minecraft:climb_one_cm":4598,"minecraft:sprint_one_cm":676188,"minecraft:walk_one_cm":848959,"minecraft:damage_blocked_by_shield":1475,"minecraft:drop":58,"minecraft:damage_dealt_absorbed":13,"minecraft:sneak_time":110510,"minecraft:walk_under_water_one_cm":15559,"minecraft:jump":4390,"minecraft:walk_on_water_one_cm":19931,"minecraft:interact_with_furnace":126,"minecraft:play_one_minute":392106,"minecraft:sleep_in_bed":7,"minecraft:time_since_rest":4712,"minecraft:damage_absorbed":40,"minecraft:damage_taken":3792,"minecraft:damage_dealt":12336,"minecraft:swim_one_cm":10225,"minecraft:fly_one_cm":672337,"minecraft:open_chest":137,"minecraft:crouch_one_cm":408692,"minecraft:fall_one_cm":100968},"minecraft:used":{"minecraft:oak_fence":35,"minecraft:beetroot":1,"minecraft:stone_sword":36,"minecraft:flint_and_steel":1,"minecraft:chest":6,"minecraft:spruce_planks":166,"minecraft:stone":31,"minecraft:cooked_salmon":1,"minecraft:cooked_chicken":3,"minecraft:stone_hoe":133,"minecraft:torch":139,"minecraft:dirt":164,"minecraft:carrot":41,"minecraft:granite":20,"minecraft:obsidian":12,"minecraft:polished_diorite":120,"minecraft:glass":125,"minecraft:iron_axe":389,"minecraft:birch_sapling":1,"minecraft:melon_seeds":5,"minecraft:furnace":12,"minecraft:cooked_beef":20,"minecraft:wheat_seeds":11,"minecraft:cooked_mutton":7,"minecraft:water_bucket":14,"minecraft:diorite":1,"minecraft:birch_planks":114,"minecraft:stone_pickaxe":647,"minecraft:polished_andesite":122,"minecraft:oak_planks":32,"minecraft:wooden_pickaxe":9,"minecraft:redstone_block":21,"minecraft:cobblestone_slab":125,"minecraft:golden_apple":1,"minecraft:oak_slab":76,"minecraft:crafting_table":12,"minecraft:white_bed":3,"minecraft:shears":18,"minecraft:diamond_pickaxe":1398,"minecraft:diamond_shovel":537,"minecraft:bread":9,"minecraft:iron_pickaxe":1217,"minecraft:gravel":2,"minecraft:stone_axe":111,"minecraft:wooden_sword":6,"minecraft:cobblestone":1319,"minecraft:cooked_porkchop":9,"minecraft:andesite":10,"minecraft:bucket":16},"minecraft:broken":{"minecraft:stone_pickaxe":5,"minecraft:iron_axe":2,"minecraft:stone_axe":1,"minecraft:iron_pickaxe":5},"minecraft:crafted":{"minecraft:wooden_sword":1,"minecraft:cobblestone_slab":174,"minecraft:coal":9,"minecraft:spruce_button":3,"minecraft:cooked_chicken":3,"minecraft:furnace":10,"minecraft:stone":47,"minecraft:bone_meal":27,"minecraft:flint_and_steel":1,"minecraft:glass":181,"minecraft:iron_boots":1,"minecraft:polished_diorite":160,"minecraft:iron_axe":2,"minecraft:stone_pickaxe":5,"minecraft:chest":3,"minecraft:redstone_block":60,"minecraft:stone_hoe":2,"minecraft:oak_fence":21,"minecraft:cooked_beef":18,"minecraft:coal_block":33,"minecraft:oak_slab":96,"minecraft:cooked_porkchop":6,"minecraft:crafting_table":6,"minecraft:spruce_planks":108,"minecraft:wooden_pickaxe":1,"minecraft:iron_helmet":1,"minecraft:bucket":4,"minecraft:birch_planks":256,"minecraft:stone_axe":1,"minecraft:bread":6,"minecraft:air":0,"minecraft:iron_chestplate":1,"minecraft:diamond_pickaxe":1,"minecraft:shield":1,"minecraft:stick":96,"minecraft:iron_ingot":68,"minecraft:iron_pickaxe":4,"minecraft:stone_sword":1,"minecraft:iron_leggings":1,"minecraft:white_bed":2,"minecraft:torch":140,"minecraft:shears":1,"minecraft:lapis_block":18,"minecraft:polished_andesite":128},"minecraft:dropped":{"minecraft:water_bucket":1,"minecraft:iron_ingot":85,"minecraft:birch_planks":1,"minecraft:diamond":44,"minecraft:oak_fence":2,"minecraft:feather":3,"minecraft:cobblestone":297,"minecraft:granite":21,"minecraft:spruce_button":3,"minecraft:spruce_stairs":1,"minecraft:rail":5,"minecraft:coal":15,"minecraft:cobblestone_stairs":2,"minecraft:diorite":64,"minecraft:wooden_sword":1,"minecraft:white_wool":1,"minecraft:bucket":1,"minecraft:redstone":7,"minecraft:gravel":34,"minecraft:furnace":1,"minecraft:detector_rail":4,"minecraft:oak_planks":2,"minecraft:diamond_shovel":1,"minecraft:carrot":1,"minecraft:cobblestone_slab":126,"minecraft:spruce_planks":13,"minecraft:diamond_pickaxe":1,"minecraft:andesite":68,"minecraft:wooden_pickaxe":1,"minecraft:arrow":1,"minecraft:glass":2},"minecraft:killed":{"minecraft:zombie_pigman":1,"minecraft:spider":3,"minecraft:phantom":3,"minecraft:skeleton":7,"minecraft:chicken":6,"minecraft:pig":28,"minecraft:creeper":3,"minecraft:sheep":11,"minecraft:zombie":14,"minecraft:cow":9},"minecraft:mined":{"minecraft:diamond_ore":39,"minecraft:spruce_planks":24,"minecraft:white_bed":1,"minecraft:farmland":5,"minecraft:cobblestone_stairs":2,"minecraft:obsidian":17,"minecraft:granite":61,"minecraft:grass_block":250,"minecraft:polished_diorite":8,"minecraft:spruce_leaves":34,"minecraft:redstone_ore":117,"minecraft:furnace":6,"minecraft:carrots":17,"minecraft:iron_ore":283,"minecraft:snow":1,"minecraft:andesite":209,"minecraft:cobblestone_slab":10,"minecraft:rail":1,"minecraft:stone":1670,"minecraft:white_wool":1,"minecraft:oak_slab":4,"minecraft:redstone_block":16,"minecraft:glass_pane":1,"minecraft:oak_fence":28,"minecraft:crafting_table":7,"minecraft:torch":7,"minecraft:chest":2,"minecraft:glass":6,"minecraft:cobblestone":159,"minecraft:lapis_ore":24,"minecraft:oak_planks":87,"minecraft:diorite":225,"minecraft:spruce_stairs":1,"minecraft:birch_planks":18,"minecraft:wheat":17,"minecraft:spruce_log":29,"minecraft:birch_leaves":2,"minecraft:grass_path":6,"minecraft:grass":65,"minecraft:oak_log":4,"minecraft:coal_ore":323,"minecraft:gravel":25,"minecraft:sand":131,"minecraft:dirt":183,"minecraft:polished_andesite":14,"minecraft:gold_ore":57,"minecraft:oak_leaves":9,"minecraft:fern":3}},"DataVersion":1631}