{"stats":{"minecraft:picked_up":{"minecraft:stripped_oak_log":1,"minecraft:birch_log":74,"minecraft:wheat":4,"minecraft:crafting_table":3,"minecraft:salmon":8,"minecraft:andesite":1,"minecraft:leather":8,"minecraft:birch_planks":4,"minecraft:oak_log":28,"minecraft:dirt":16,"minecraft:wheat_seeds":9,"minecraft:spruce_planks":1,"minecraft:beef":25,"minecraft:iron_ore":19,"minecraft:birch_sapling":2,"minecraft:oak_planks":4,"minecraft:furnace":2,"minecraft:porkchop":9,"minecraft:spruce_log":7,"minecraft:bone_meal":1,"minecraft:gray_wool":3,"minecraft:oak_sapling":2,"minecraft:black_wool":1,"minecraft:mutton":10,"minecraft:coal":78,"minecraft:white_wool":21,"minecraft:cobblestone":51},"minecraft:used":{"minecraft:wheat_seeds":8,"minecraft:stone_sword":13,"minecraft:birch_planks":21,"minecraft:stone_pickaxe":120,"minecraft:oak_planks":11,"minecraft:spruce_planks":6,"minecraft:wooden_pickaxe":17,"minecraft:cooked_salmon":7,"minecraft:dirt":5,"minecraft:crafting_table":3,"minecraft:iron_axe":85,"minecraft:stone_axe":94,"minecraft:furnace":3,"minecraft:cooked_beef":2},"minecraft:crafted":{"minecraft:cooked_beef":6,"minecraft:wooden_sword":1,"minecraft:oak_planks":64,"minecraft:crafting_table":1,"minecraft:spruce_planks":28,"minecraft:wooden_pickaxe":1,"minecraft:furnace":1,"minecraft:cooked_salmon":8,"minecraft:birch_planks":40,"minecraft:stone_axe":1,"minecraft:air":0,"minecraft:iron_axe":1,"minecraft:stick":12,"minecraft:iron_ingot":18,"minecraft:stone_pickaxe":1,"minecraft:stone_sword":1,"minecraft:shears":1},"minecraft:killed":{"minecraft:pig":4,"minecraft:salmon":8,"minecraft:sheep":7,"minecraft:skeleton":1,"minecraft:cow":12},"minecraft:mined":{"minecraft:crafting_table":3,"minecraft:grass_block":5,"minecraft:oak_planks":4,"minecraft:birch_planks":4,"minecraft:furnace":2,"minecraft:birch_log":73,"minecraft:iron_ore":19,"minecraft:wheat":4,"minecraft:spruce_log":7,"minecraft:andesite":1,"minecraft:birch_leaves":12,"minecraft:grass":8,"minecraft:oak_log":25,"minecraft:coal_ore":63,"minecraft:vine":1,"minecraft:dirt":10,"minecraft:stone":51,"minecraft:oak_leaves":12},"minecraft:dropped":{"minecraft:wheat_seeds":1,"minecraft:birch_sapling":2,"minecraft:dirt":1,"minecraft:andesite":1,"minecraft:oak_sapling":2,"minecraft:wooden_sword":1,"minecraft:wooden_pickaxe":1},"minecraft:broken":{"minecraft:stone_axe":1},"minecraft:custom":{"minecraft:interact_with_furnace":13,"minecraft:mob_kills":32,"minecraft:interact_with_crafting_table":6,"minecraft:play_one_minute":55376,"minecraft:leave_game":13,"minecraft:time_since_death":55376,"minecraft:climb_one_cm":248,"minecraft:time_since_rest":55376,"minecraft:sprint_one_cm":84870,"minecraft:damage_taken":585,"minecraft:walk_one_cm":98669,"minecraft:drop":9,"minecraft:damage_dealt":2490,"minecraft:swim_one_cm":3953,"minecraft:fly_one_cm":90417,"minecraft:crouch_one_cm":5444,"minecraft:sneak_time":3230,"minecraft:walk_under_water_one_cm":6083,"minecraft:jump":573,"minecraft:walk_on_water_one_cm":6093,"minecraft:fall_one_cm":11442}},"DataVersion":1631}