{"stats":{"minecraft:killed":{"minecraft:salmon":8},"minecraft:crafted":{"minecraft:wooden_sword":1,"minecraft:crafting_table":1,"minecraft:spruce_planks":28,"minecraft:stick":12,"minecraft:wooden_pickaxe":1,"minecraft:stone_pickaxe":1,"minecraft:stone_sword":1,"minecraft:furnace":1,"minecraft:stone_axe":1},"minecraft:mined":{"minecraft:wheat":4,"minecraft:spruce_log":7,"minecraft:crafting_table":1,"minecraft:grass_block":1,"minecraft:oak_log":4,"minecraft:dirt":4,"minecraft:stone":25,"minecraft:oak_leaves":6},"minecraft:picked_up":{"minecraft:stripped_oak_log":1,"minecraft:crafting_table":1,"minecraft:wheat":4,"minecraft:salmon":8,"minecraft:oak_log":7,"minecraft:spruce_log":7,"minecraft:dirt":5,"minecraft:wheat_seeds":8,"minecraft:bone_meal":1,"minecraft:oak_sapling":1,"minecraft:cobblestone":25},"minecraft:used":{"minecraft:wheat_seeds":8,"minecraft:stone_sword":11,"minecraft:stone_pickaxe":8,"minecraft:spruce_planks":2,"minecraft:wooden_pickaxe":17,"minecraft:stone_axe":9,"minecraft:crafting_table":2,"minecraft:furnace":1},"minecraft:custom":{"minecraft:time_since_rest":15006,"minecraft:interact_with_furnace":1,"minecraft:sprint_one_cm":21911,"minecraft:walk_one_cm":15796,"minecraft:mob_kills":8,"minecraft:damage_dealt":240,"minecraft:interact_with_crafting_table":4,"minecraft:swim_one_cm":3758,"minecraft:fly_one_cm":28668,"minecraft:crouch_one_cm":346,"minecraft:play_one_minute":15006,"minecraft:sneak_time":118,"minecraft:walk_under_water_one_cm":5761,"minecraft:jump":134,"minecraft:leave_game":4,"minecraft:walk_on_water_one_cm":3699,"minecraft:time_since_death":15006,"minecraft:fall_one_cm":3311}},"DataVersion":1631}