{"stats":{"minecraft:picked_up":{"minecraft:stripped_oak_log":1,"minecraft:birch_log":74,"minecraft:spruce_leaves":3,"minecraft:wheat":4,"minecraft:crafting_table":5,"minecraft:redstone_block":1,"minecraft:salmon":8,"minecraft:andesite":1,"minecraft:leather":8,"minecraft:birch_planks":10,"minecraft:oak_log":28,"minecraft:dirt":47,"minecraft:beetroot":1,"minecraft:wheat_seeds":14,"minecraft:spruce_planks":5,"minecraft:iron_ingot":27,"minecraft:beef":25,"minecraft:iron_ore":19,"minecraft:gray_bed":2,"minecraft:birch_sapling":2,"minecraft:oak_planks":4,"minecraft:furnace":4,"minecraft:dandelion":1,"minecraft:porkchop":9,"minecraft:sand":123,"minecraft:stripped_spruce_log":4,"minecraft:spruce_sapling":5,"minecraft:spruce_log":77,"minecraft:diamond_shovel":1,"minecraft:stone_sword":1,"minecraft:rotten_flesh":2,"minecraft:diamond":43,"minecraft:bone_meal":1,"minecraft:gray_wool":3,"minecraft:oak_sapling":2,"minecraft:black_wool":1,"minecraft:mutton":14,"minecraft:coal":93,"minecraft:white_wool":24,"minecraft:cobblestone":137},"minecraft:used":{"minecraft:wheat_seeds":8,"minecraft:stone_sword":13,"minecraft:birch_planks":29,"minecraft:stone_pickaxe":130,"minecraft:oak_planks":11,"minecraft:chest":2,"minecraft:spruce_planks":12,"minecraft:wooden_pickaxe":17,"minecraft:cooked_salmon":7,"minecraft:dirt":5,"minecraft:crafting_table":5,"minecraft:shears":1,"minecraft:diamond_shovel":144,"minecraft:iron_pickaxe":6,"minecraft:iron_axe":196,"minecraft:spruce_sapling":4,"minecraft:stone_axe":94,"minecraft:cobblestone":62,"minecraft:furnace":5,"minecraft:gray_bed":2,"minecraft:cooked_beef":12},"minecraft:crafted":{"minecraft:cooked_beef":25,"minecraft:wooden_sword":1,"minecraft:oak_planks":112,"minecraft:cooked_porkchop":12,"minecraft:crafting_table":1,"minecraft:spruce_planks":232,"minecraft:wooden_pickaxe":1,"minecraft:iron_helmet":1,"minecraft:iron_sword":1,"minecraft:furnace":1,"minecraft:cooked_salmon":8,"minecraft:diamond_shovel":2,"minecraft:birch_planks":40,"minecraft:stone_axe":1,"minecraft:air":0,"minecraft:glass":53,"minecraft:iron_boots":1,"minecraft:iron_chestplate":1,"minecraft:shield":1,"minecraft:iron_axe":1,"minecraft:stick":24,"minecraft:iron_ingot":259,"minecraft:iron_pickaxe":1,"minecraft:stone_pickaxe":1,"minecraft:gold_ingot":63,"minecraft:stone_sword":1,"minecraft:chest":2,"minecraft:iron_leggings":1,"minecraft:shears":1,"minecraft:gray_bed":1},"minecraft:killed":{"minecraft:pig":4,"minecraft:zombie_villager":1,"minecraft:salmon":8,"minecraft:sheep":10,"minecraft:skeleton":1,"minecraft:cow":12},"minecraft:mined":{"minecraft:spruce_planks":4,"minecraft:redstone_block":1,"minecraft:crafting_table":5,"minecraft:grass_block":26,"minecraft:cobblestone":14,"minecraft:spruce_leaves":17,"minecraft:oak_planks":4,"minecraft:birch_planks":10,"minecraft:furnace":3,"minecraft:birch_log":73,"minecraft:iron_ore":19,"minecraft:wheat":4,"minecraft:gray_bed":1,"minecraft:spruce_log":71,"minecraft:andesite":1,"minecraft:birch_leaves":13,"minecraft:stripped_spruce_log":3,"minecraft:grass_path":1,"minecraft:grass":26,"minecraft:oak_log":25,"minecraft:coal_ore":63,"minecraft:vine":1,"minecraft:sand":124,"minecraft:dirt":21,"minecraft:stone":51,"minecraft:oak_leaves":12,"minecraft:fern":18},"minecraft:dropped":{"minecraft:wheat_seeds":1,"minecraft:cooked_beef":3,"minecraft:diamond":41,"minecraft:birch_sapling":2,"minecraft:diamond_shovel":2,"minecraft:dirt":1,"minecraft:andesite":1,"minecraft:oak_sapling":2,"minecraft:wooden_sword":1,"minecraft:wooden_pickaxe":1,"minecraft:spruce_sapling":1,"minecraft:redstone_block":1},"minecraft:broken":{"minecraft:stone_axe":1,"minecraft:stone_pickaxe":1},"minecraft:custom":{"minecraft:interact_with_furnace":40,"minecraft:mob_kills":36,"minecraft:interact_with_crafting_table":15,"minecraft:play_one_minute":111775,"minecraft:leave_game":13,"minecraft:time_since_death":111775,"minecraft:sleep_in_bed":2,"minecraft:climb_one_cm":248,"minecraft:time_since_rest":5159,"minecraft:sprint_one_cm":202104,"minecraft:damage_taken":1181,"minecraft:walk_one_cm":231597,"minecraft:drop":17,"minecraft:damage_dealt":2811,"minecraft:swim_one_cm":4071,"minecraft:fly_one_cm":218961,"minecraft:open_chest":18,"minecraft:crouch_one_cm":19119,"minecraft:sneak_time":7811,"minecraft:walk_under_water_one_cm":6620,"minecraft:jump":1296,"minecraft:walk_on_water_one_cm":7162,"minecraft:fall_one_cm":31205}},"DataVersion":1631}