{"stats":{"minecraft:picked_up":{"minecraft:stripped_oak_log":1,"minecraft:birch_log":74,"minecraft:spruce_leaves":1,"minecraft:wheat":4,"minecraft:crafting_table":5,"minecraft:redstone_block":1,"minecraft:salmon":8,"minecraft:andesite":1,"minecraft:leather":8,"minecraft:birch_planks":10,"minecraft:oak_log":28,"minecraft:dirt":17,"minecraft:wheat_seeds":10,"minecraft:spruce_planks":1,"minecraft:iron_ingot":27,"minecraft:beef":25,"minecraft:iron_ore":19,"minecraft:gray_bed":2,"minecraft:birch_sapling":2,"minecraft:oak_planks":4,"minecraft:furnace":4,"minecraft:porkchop":9,"minecraft:spruce_log":58,"minecraft:stone_sword":1,"minecraft:diamond":41,"minecraft:bone_meal":1,"minecraft:gray_wool":3,"minecraft:oak_sapling":2,"minecraft:black_wool":1,"minecraft:mutton":14,"minecraft:coal":93,"minecraft:white_wool":24,"minecraft:cobblestone":53},"minecraft:used":{"minecraft:wheat_seeds":8,"minecraft:stone_sword":13,"minecraft:birch_planks":29,"minecraft:stone_pickaxe":124,"minecraft:oak_planks":11,"minecraft:chest":2,"minecraft:spruce_planks":6,"minecraft:wooden_pickaxe":17,"minecraft:cooked_salmon":7,"minecraft:dirt":5,"minecraft:crafting_table":5,"minecraft:shears":1,"minecraft:iron_axe":169,"minecraft:stone_axe":94,"minecraft:furnace":5,"minecraft:gray_bed":2,"minecraft:cooked_beef":8},"minecraft:crafted":{"minecraft:cooked_beef":13,"minecraft:wooden_sword":1,"minecraft:oak_planks":112,"minecraft:crafting_table":1,"minecraft:spruce_planks":28,"minecraft:wooden_pickaxe":1,"minecraft:iron_helmet":1,"minecraft:iron_sword":1,"minecraft:furnace":1,"minecraft:cooked_salmon":8,"minecraft:birch_planks":40,"minecraft:stone_axe":1,"minecraft:air":0,"minecraft:iron_boots":1,"minecraft:iron_chestplate":1,"minecraft:shield":1,"minecraft:iron_axe":1,"minecraft:stick":12,"minecraft:iron_ingot":18,"minecraft:stone_pickaxe":1,"minecraft:stone_sword":1,"minecraft:chest":2,"minecraft:iron_leggings":1,"minecraft:shears":1,"minecraft:gray_bed":1},"minecraft:killed":{"minecraft:pig":4,"minecraft:zombie_villager":1,"minecraft:salmon":8,"minecraft:sheep":10,"minecraft:skeleton":1,"minecraft:cow":12},"minecraft:mined":{"minecraft:redstone_block":1,"minecraft:crafting_table":5,"minecraft:grass_block":5,"minecraft:cobblestone":2,"minecraft:spruce_leaves":13,"minecraft:oak_planks":4,"minecraft:birch_planks":10,"minecraft:furnace":3,"minecraft:birch_log":73,"minecraft:iron_ore":19,"minecraft:wheat":4,"minecraft:gray_bed":1,"minecraft:spruce_log":58,"minecraft:andesite":1,"minecraft:birch_leaves":13,"minecraft:grass_path":1,"minecraft:grass":25,"minecraft:oak_log":25,"minecraft:coal_ore":63,"minecraft:vine":1,"minecraft:dirt":10,"minecraft:stone":51,"minecraft:oak_leaves":12,"minecraft:fern":18},"minecraft:dropped":{"minecraft:wheat_seeds":1,"minecraft:cooked_beef":3,"minecraft:diamond":41,"minecraft:birch_sapling":2,"minecraft:dirt":1,"minecraft:andesite":1,"minecraft:oak_sapling":2,"minecraft:wooden_sword":1,"minecraft:wooden_pickaxe":1,"minecraft:redstone_block":1},"minecraft:broken":{"minecraft:stone_axe":1},"minecraft:custom":{"minecraft:interact_with_furnace":20,"minecraft:mob_kills":36,"minecraft:interact_with_crafting_table":13,"minecraft:play_one_minute":87775,"minecraft:leave_game":13,"minecraft:time_since_death":87775,"minecraft:sleep_in_bed":1,"minecraft:climb_one_cm":248,"minecraft:time_since_rest":18482,"minecraft:sprint_one_cm":155787,"minecraft:damage_taken":879,"minecraft:walk_one_cm":174521,"minecraft:drop":14,"minecraft:damage_dealt":2801,"minecraft:swim_one_cm":3953,"minecraft:fly_one_cm":160718,"minecraft:open_chest":3,"minecraft:crouch_one_cm":14415,"minecraft:sneak_time":6030,"minecraft:walk_under_water_one_cm":6083,"minecraft:jump":999,"minecraft:walk_on_water_one_cm":6093,"minecraft:fall_one_cm":23274}},"DataVersion":1631}