{"stats":{"minecraft:picked_up":{"minecraft:stripped_oak_log":1,"minecraft:birch_log":5,"minecraft:crafting_table":2,"minecraft:wheat":4,"minecraft:andesite":1,"minecraft:salmon":8,"minecraft:leather":8,"minecraft:porkchop":9,"minecraft:oak_log":28,"minecraft:spruce_log":7,"minecraft:dirt":14,"minecraft:wheat_seeds":8,"minecraft:spruce_planks":1,"minecraft:beef":22,"minecraft:bone_meal":1,"minecraft:iron_ore":19,"minecraft:oak_sapling":2,"minecraft:black_wool":1,"minecraft:mutton":10,"minecraft:birch_sapling":2,"minecraft:coal":78,"minecraft:white_wool":13,"minecraft:cobblestone":35,"minecraft:furnace":2},"minecraft:used":{"minecraft:stone_sword":13,"minecraft:birch_planks":7,"minecraft:stone_pickaxe":104,"minecraft:oak_planks":7,"minecraft:wooden_pickaxe":17,"minecraft:spruce_planks":6,"minecraft:cooked_salmon":7,"minecraft:stone_axe":90,"minecraft:dirt":5,"minecraft:crafting_table":2,"minecraft:furnace":2,"minecraft:wheat_seeds":8},"minecraft:crafted":{"minecraft:wooden_sword":1,"minecraft:oak_planks":64,"minecraft:crafting_table":1,"minecraft:spruce_planks":28,"minecraft:stick":12,"minecraft:wooden_pickaxe":1,"minecraft:iron_ingot":18,"minecraft:stone_pickaxe":1,"minecraft:stone_sword":1,"minecraft:furnace":1,"minecraft:cooked_salmon":8,"minecraft:birch_planks":20,"minecraft:stone_axe":1,"minecraft:shears":1,"minecraft:air":0},"minecraft:killed":{"minecraft:sheep":7,"minecraft:skeleton":1,"minecraft:pig":4,"minecraft:salmon":8,"minecraft:cow":11},"minecraft:mined":{"minecraft:furnace":2,"minecraft:iron_ore":19,"minecraft:birch_log":5,"minecraft:wheat":4,"minecraft:spruce_log":7,"minecraft:birch_leaves":4,"minecraft:andesite":1,"minecraft:crafting_table":2,"minecraft:grass":5,"minecraft:grass_block":3,"minecraft:coal_ore":63,"minecraft:oak_log":25,"minecraft:vine":1,"minecraft:dirt":10,"minecraft:stone":35,"minecraft:oak_leaves":12},"minecraft:dropped":{"minecraft:dirt":1},"minecraft:custom":{"minecraft:time_since_rest":43376,"minecraft:sprint_one_cm":64955,"minecraft:interact_with_furnace":8,"minecraft:damage_taken":385,"minecraft:walk_one_cm":80959,"minecraft:mob_kills":31,"minecraft:drop":1,"minecraft:damage_dealt":2380,"minecraft:swim_one_cm":3953,"minecraft:interact_with_crafting_table":4,"minecraft:fly_one_cm":81390,"minecraft:play_one_minute":43376,"minecraft:crouch_one_cm":4892,"minecraft:sneak_time":2797,"minecraft:walk_under_water_one_cm":6083,"minecraft:jump":472,"minecraft:leave_game":13,"minecraft:time_since_death":43376,"minecraft:walk_on_water_one_cm":6093,"minecraft:climb_one_cm":248,"minecraft:fall_one_cm":11024}},"DataVersion":1631}