{"stats":{"minecraft:killed":{"minecraft:skeleton":1,"minecraft:pig":4,"minecraft:salmon":8,"minecraft:cow":4},"minecraft:crafted":{"minecraft:wooden_sword":1,"minecraft:oak_planks":64,"minecraft:crafting_table":1,"minecraft:spruce_planks":28,"minecraft:stick":12,"minecraft:wooden_pickaxe":1,"minecraft:stone_pickaxe":1,"minecraft:stone_sword":1,"minecraft:furnace":1,"minecraft:cooked_salmon":8,"minecraft:stone_axe":1,"minecraft:air":0},"minecraft:dropped":{"minecraft:dirt":1},"minecraft:mined":{"minecraft:furnace":1,"minecraft:iron_ore":18,"minecraft:wheat":4,"minecraft:spruce_log":7,"minecraft:crafting_table":2,"minecraft:grass":5,"minecraft:grass_block":1,"minecraft:coal_ore":17,"minecraft:oak_log":13,"minecraft:vine":1,"minecraft:dirt":4,"minecraft:stone":32,"minecraft:oak_leaves":11},"minecraft:picked_up":{"minecraft:stripped_oak_log":1,"minecraft:crafting_table":2,"minecraft:wheat":4,"minecraft:salmon":8,"minecraft:leather":2,"minecraft:porkchop":9,"minecraft:oak_log":16,"minecraft:spruce_log":7,"minecraft:dirt":6,"minecraft:wheat_seeds":8,"minecraft:spruce_planks":1,"minecraft:beef":8,"minecraft:iron_ore":18,"minecraft:bone_meal":1,"minecraft:oak_sapling":1,"minecraft:birch_sapling":2,"minecraft:coal":17,"minecraft:cobblestone":32,"minecraft:furnace":1},"minecraft:used":{"minecraft:wheat_seeds":8,"minecraft:stone_sword":13,"minecraft:stone_pickaxe":51,"minecraft:oak_planks":3,"minecraft:spruce_planks":6,"minecraft:wooden_pickaxe":17,"minecraft:cooked_salmon":5,"minecraft:stone_axe":43,"minecraft:dirt":5,"minecraft:crafting_table":2,"minecraft:furnace":1},"minecraft:custom":{"minecraft:time_since_rest":27006,"minecraft:interact_with_furnace":3,"minecraft:sprint_one_cm":43634,"minecraft:damage_taken":320,"minecraft:walk_one_cm":47866,"minecraft:mob_kills":17,"minecraft:drop":1,"minecraft:damage_dealt":1120,"minecraft:interact_with_crafting_table":4,"minecraft:swim_one_cm":3953,"minecraft:fly_one_cm":61066,"minecraft:crouch_one_cm":2703,"minecraft:play_one_minute":27006,"minecraft:sneak_time":1296,"minecraft:walk_under_water_one_cm":6083,"minecraft:jump":320,"minecraft:leave_game":4,"minecraft:walk_on_water_one_cm":6075,"minecraft:time_since_death":27006,"minecraft:climb_one_cm":248,"minecraft:fall_one_cm":7723}},"DataVersion":1631}