{"stats":{"minecraft:picked_up":{"minecraft:spruce_leaves":17,"minecraft:crafting_table":6,"minecraft:wheat":4,"minecraft:redstone_block":1,"minecraft:beetroot":1,"minecraft:bucket":1,"minecraft:spruce_planks":49,"minecraft:beef":25,"minecraft:cobblestone_slab":130,"minecraft:iron_pickaxe":1,"minecraft:birch_sapling":2,"minecraft:phantom_membrane":1,"minecraft:furnace":4,"minecraft:stick":8,"minecraft:stone":17,"minecraft:torch":4,"minecraft:porkchop":9,"minecraft:diorite":16,"minecraft:stone_sword":1,"minecraft:rotten_flesh":4,"minecraft:arrow":3,"minecraft:mutton":14,"minecraft:white_wool":24,"minecraft:cobblestone":877,"minecraft:stripped_oak_log":1,"minecraft:birch_log":74,"minecraft:andesite":1,"minecraft:water_bucket":1,"minecraft:salmon":8,"minecraft:leather":8,"minecraft:birch_planks":10,"minecraft:oak_log":28,"minecraft:cobblestone_stairs":3,"minecraft:dirt":136,"minecraft:bone":4,"minecraft:wheat_seeds":15,"minecraft:iron_ingot":27,"minecraft:iron_ore":21,"minecraft:gray_bed":2,"minecraft:oak_planks":4,"minecraft:dandelion":3,"minecraft:sand":123,"minecraft:stripped_spruce_log":4,"minecraft:spruce_sapling":5,"minecraft:spruce_log":79,"minecraft:diamond_shovel":1,"minecraft:diamond":43,"minecraft:polished_diorite":1,"minecraft:granite":71,"minecraft:bone_meal":1,"minecraft:gray_wool":3,"minecraft:oak_sapling":2,"minecraft:black_wool":1,"minecraft:coal":93},"minecraft:custom":{"minecraft:mob_kills":44,"minecraft:interact_with_crafting_table":24,"minecraft:leave_game":32,"minecraft:time_since_death":205274,"minecraft:climb_one_cm":248,"minecraft:sprint_one_cm":306801,"minecraft:walk_one_cm":449245,"minecraft:damage_blocked_by_shield":400,"minecraft:drop":28,"minecraft:sneak_time":9684,"minecraft:walk_under_water_one_cm":9762,"minecraft:jump":1855,"minecraft:walk_on_water_one_cm":8351,"minecraft:interact_with_furnace":68,"minecraft:play_one_minute":205274,"minecraft:sleep_in_bed":2,"minecraft:time_since_rest":98658,"minecraft:damage_taken":2196,"minecraft:damage_dealt":4147,"minecraft:swim_one_cm":4429,"minecraft:fly_one_cm":314374,"minecraft:open_chest":56,"minecraft:crouch_one_cm":24319,"minecraft:fall_one_cm":39698},"minecraft:used":{"minecraft:stone_sword":13,"minecraft:chest":6,"minecraft:spruce_planks":16,"minecraft:stone":66,"minecraft:iron_sword":10,"minecraft:cooked_salmon":7,"minecraft:spruce_leaves":1,"minecraft:torch":4,"minecraft:dirt":72,"minecraft:iron_hoe":9,"minecraft:glass":61,"minecraft:iron_axe":225,"minecraft:furnace":5,"minecraft:gray_bed":2,"minecraft:cooked_beef":16,"minecraft:wheat_seeds":9,"minecraft:cooked_mutton":3,"minecraft:water_bucket":4,"minecraft:cobblestone_stairs":23,"minecraft:birch_planks":29,"minecraft:stone_pickaxe":130,"minecraft:oak_planks":11,"minecraft:wooden_pickaxe":17,"minecraft:cobblestone_slab":19,"minecraft:crafting_table":7,"minecraft:shears":13,"minecraft:diamond_shovel":209,"minecraft:iron_pickaxe":576,"minecraft:spruce_sapling":4,"minecraft:stone_axe":94,"minecraft:cobblestone":233,"minecraft:cooked_porkchop":6,"minecraft:bucket":5},"minecraft:broken":{"minecraft:stone_pickaxe":1,"minecraft:iron_axe":1,"minecraft:stone_axe":1,"minecraft:iron_pickaxe":2},"minecraft:dropped":{"minecraft:wheat_seeds":1,"minecraft:cooked_beef":3,"minecraft:diamond":41,"minecraft:cobblestone":45,"minecraft:dirt":1,"minecraft:wooden_sword":1,"minecraft:phantom_membrane":1,"minecraft:iron_pickaxe":1,"minecraft:spruce_sapling":1,"minecraft:redstone_block":1,"minecraft:birch_sapling":2,"minecraft:diamond_shovel":2,"minecraft:cooked_mutton":7,"minecraft:cobblestone_slab":64,"minecraft:andesite":1,"minecraft:oak_sapling":2,"minecraft:wooden_pickaxe":1},"minecraft:crafted":{"minecraft:wooden_sword":1,"minecraft:oak_planks":112,"minecraft:furnace":1,"minecraft:cobblestone_stairs":52,"minecraft:stone":81,"minecraft:diamond_shovel":2,"minecraft:cooked_mutton":14,"minecraft:glass":61,"minecraft:iron_boots":1,"minecraft:iron_axe":2,"minecraft:iron_hoe":1,"minecraft:stone_pickaxe":1,"minecraft:chest":6,"minecraft:gray_bed":1,"minecraft:cooked_beef":25,"minecraft:cooked_porkchop":12,"minecraft:crafting_table":1,"minecraft:spruce_planks":316,"minecraft:wooden_pickaxe":1,"minecraft:iron_helmet":1,"minecraft:iron_sword":1,"minecraft:cooked_salmon":8,"minecraft:birch_planks":40,"minecraft:stone_axe":1,"minecraft:air":0,"minecraft:iron_chestplate":1,"minecraft:shield":1,"minecraft:stick":32,"minecraft:iron_ingot":259,"minecraft:iron_pickaxe":3,"minecraft:stone_sword":1,"minecraft:iron_leggings":1,"minecraft:gold_ingot":63,"minecraft:shears":1},"minecraft:killed":{"minecraft:phantom":3,"minecraft:skeleton":4,"minecraft:pig":4,"minecraft:zombie_villager":1,"minecraft:salmon":8,"minecraft:sheep":10,"minecraft:zombie":2,"minecraft:cow":12},"minecraft:mined":{"minecraft:spruce_planks":16,"minecraft:farmland":1,"minecraft:cobblestone_stairs":3,"minecraft:granite":68,"minecraft:grass_block":36,"minecraft:spruce_leaves":35,"minecraft:furnace":3,"minecraft:iron_ore":19,"minecraft:andesite":1,"minecraft:stripped_spruce_log":3,"minecraft:cobblestone_slab":5,"minecraft:vine":1,"minecraft:stone":497,"minecraft:redstone_block":1,"minecraft:dandelion":2,"minecraft:crafting_table":6,"minecraft:glass":2,"minecraft:cobblestone":46,"minecraft:oak_planks":4,"minecraft:diorite":14,"minecraft:wall_torch":2,"minecraft:birch_planks":10,"minecraft:birch_log":73,"minecraft:wheat":4,"minecraft:gray_bed":1,"minecraft:spruce_log":74,"minecraft:birch_leaves":13,"minecraft:grass_path":1,"minecraft:grass":40,"minecraft:oak_log":25,"minecraft:coal_ore":63,"minecraft:sand":124,"minecraft:dirt":94,"minecraft:oak_leaves":12,"minecraft:fern":20}},"DataVersion":1631}