{"stats":{"minecraft:picked_up":{"minecraft:spruce_leaves":17,"minecraft:crafting_table":6,"minecraft:wheat":4,"minecraft:redstone_block":1,"minecraft:beetroot":1,"minecraft:bucket":1,"minecraft:spruce_planks":49,"minecraft:beef":25,"minecraft:cobblestone_slab":130,"minecraft:iron_pickaxe":1,"minecraft:birch_sapling":2,"minecraft:furnace":4,"minecraft:stone":17,"minecraft:torch":3,"minecraft:porkchop":9,"minecraft:diorite":16,"minecraft:stone_sword":1,"minecraft:rotten_flesh":4,"minecraft:arrow":2,"minecraft:mutton":14,"minecraft:white_wool":24,"minecraft:cobblestone":653,"minecraft:stripped_oak_log":1,"minecraft:birch_log":74,"minecraft:andesite":1,"minecraft:water_bucket":1,"minecraft:salmon":8,"minecraft:leather":8,"minecraft:birch_planks":10,"minecraft:oak_log":28,"minecraft:cobblestone_stairs":3,"minecraft:dirt":133,"minecraft:bone":3,"minecraft:wheat_seeds":14,"minecraft:iron_ingot":27,"minecraft:iron_ore":21,"minecraft:gray_bed":2,"minecraft:oak_planks":4,"minecraft:dandelion":1,"minecraft:sand":123,"minecraft:stripped_spruce_log":4,"minecraft:spruce_sapling":5,"minecraft:spruce_log":79,"minecraft:diamond_shovel":1,"minecraft:diamond":43,"minecraft:polished_diorite":1,"minecraft:granite":27,"minecraft:bone_meal":1,"minecraft:gray_wool":3,"minecraft:oak_sapling":2,"minecraft:black_wool":1,"minecraft:coal":93},"minecraft:used":{"minecraft:stone_sword":13,"minecraft:chest":6,"minecraft:spruce_planks":16,"minecraft:stone":14,"minecraft:cooked_salmon":7,"minecraft:spruce_leaves":1,"minecraft:torch":2,"minecraft:dirt":54,"minecraft:glass":61,"minecraft:iron_axe":225,"minecraft:furnace":5,"minecraft:gray_bed":2,"minecraft:cooked_beef":16,"minecraft:wheat_seeds":8,"minecraft:cooked_mutton":3,"minecraft:cobblestone_stairs":23,"minecraft:birch_planks":29,"minecraft:stone_pickaxe":130,"minecraft:oak_planks":11,"minecraft:wooden_pickaxe":17,"minecraft:cobblestone_slab":19,"minecraft:crafting_table":6,"minecraft:shears":13,"minecraft:diamond_shovel":209,"minecraft:iron_pickaxe":417,"minecraft:spruce_sapling":4,"minecraft:stone_axe":94,"minecraft:cobblestone":225},"minecraft:crafted":{"minecraft:wooden_sword":1,"minecraft:oak_planks":112,"minecraft:furnace":1,"minecraft:cobblestone_stairs":52,"minecraft:stone":34,"minecraft:diamond_shovel":2,"minecraft:cooked_mutton":14,"minecraft:glass":61,"minecraft:iron_boots":1,"minecraft:iron_axe":2,"minecraft:stone_pickaxe":1,"minecraft:chest":6,"minecraft:gray_bed":1,"minecraft:cooked_beef":25,"minecraft:cooked_porkchop":12,"minecraft:crafting_table":1,"minecraft:spruce_planks":316,"minecraft:wooden_pickaxe":1,"minecraft:iron_helmet":1,"minecraft:iron_sword":1,"minecraft:cooked_salmon":8,"minecraft:birch_planks":40,"minecraft:stone_axe":1,"minecraft:air":0,"minecraft:iron_chestplate":1,"minecraft:shield":1,"minecraft:stick":32,"minecraft:iron_ingot":259,"minecraft:iron_pickaxe":2,"minecraft:stone_sword":1,"minecraft:iron_leggings":1,"minecraft:gold_ingot":63,"minecraft:shears":1},"minecraft:killed":{"minecraft:skeleton":3,"minecraft:pig":4,"minecraft:zombie_villager":1,"minecraft:salmon":8,"minecraft:sheep":10,"minecraft:zombie":2,"minecraft:cow":12},"minecraft:mined":{"minecraft:spruce_planks":16,"minecraft:cobblestone_stairs":3,"minecraft:granite":25,"minecraft:grass_block":36,"minecraft:spruce_leaves":35,"minecraft:furnace":3,"minecraft:iron_ore":19,"minecraft:andesite":1,"minecraft:stripped_spruce_log":3,"minecraft:cobblestone_slab":5,"minecraft:vine":1,"minecraft:stone":395,"minecraft:redstone_block":1,"minecraft:crafting_table":6,"minecraft:glass":2,"minecraft:cobblestone":32,"minecraft:oak_planks":4,"minecraft:diorite":14,"minecraft:wall_torch":2,"minecraft:birch_planks":10,"minecraft:birch_log":73,"minecraft:wheat":4,"minecraft:gray_bed":1,"minecraft:spruce_log":74,"minecraft:birch_leaves":13,"minecraft:grass_path":1,"minecraft:grass":28,"minecraft:oak_log":25,"minecraft:coal_ore":63,"minecraft:sand":124,"minecraft:dirt":92,"minecraft:oak_leaves":12,"minecraft:fern":18},"minecraft:dropped":{"minecraft:wheat_seeds":1,"minecraft:cooked_beef":3,"minecraft:diamond":41,"minecraft:cobblestone":45,"minecraft:dirt":1,"minecraft:wooden_sword":1,"minecraft:iron_pickaxe":1,"minecraft:spruce_sapling":1,"minecraft:redstone_block":1,"minecraft:birch_sapling":2,"minecraft:diamond_shovel":2,"minecraft:cooked_mutton":7,"minecraft:cobblestone_slab":64,"minecraft:andesite":1,"minecraft:oak_sapling":2,"minecraft:wooden_pickaxe":1},"minecraft:broken":{"minecraft:stone_pickaxe":1,"minecraft:iron_axe":1,"minecraft:stone_axe":1,"minecraft:iron_pickaxe":1},"minecraft:custom":{"minecraft:mob_kills":40,"minecraft:interact_with_crafting_table":21,"minecraft:leave_game":29,"minecraft:time_since_death":185849,"minecraft:climb_one_cm":248,"minecraft:sprint_one_cm":273581,"minecraft:walk_one_cm":377950,"minecraft:damage_blocked_by_shield":130,"minecraft:drop":27,"minecraft:sneak_time":9646,"minecraft:walk_under_water_one_cm":7861,"minecraft:jump":1721,"minecraft:walk_on_water_one_cm":7846,"minecraft:interact_with_furnace":62,"minecraft:play_one_minute":185849,"minecraft:sleep_in_bed":2,"minecraft:time_since_rest":79233,"minecraft:damage_taken":1616,"minecraft:damage_dealt":3617,"minecraft:swim_one_cm":4303,"minecraft:fly_one_cm":287581,"minecraft:open_chest":46,"minecraft:crouch_one_cm":24292,"minecraft:fall_one_cm":37136}},"DataVersion":1631}