{"stats":{"minecraft:killed":{"minecraft:spider":1,"minecraft:phantom":3,"minecraft:skeleton":5,"minecraft:chicken":16,"minecraft:pig":28,"minecraft:zombie_villager":1,"minecraft:salmon":8,"minecraft:sheep":21,"minecraft:zombie":9,"minecraft:cow":17},"minecraft:crafted":{"minecraft:wooden_sword":1,"minecraft:oak_planks":112,"minecraft:cooked_chicken":2,"minecraft:furnace":1,"minecraft:cobblestone_stairs":52,"minecraft:stone":81,"minecraft:diamond_shovel":2,"minecraft:cooked_mutton":20,"minecraft:glass":61,"minecraft:iron_boots":1,"minecraft:iron_axe":3,"minecraft:iron_hoe":1,"minecraft:stone_pickaxe":1,"minecraft:chest":8,"minecraft:gray_bed":1,"minecraft:cooked_beef":25,"minecraft:coal_block":2,"minecraft:cooked_porkchop":55,"minecraft:crafting_table":3,"minecraft:spruce_planks":616,"minecraft:wooden_pickaxe":1,"minecraft:iron_helmet":1,"minecraft:iron_sword":1,"minecraft:cooked_salmon":8,"minecraft:brown_bed":1,"minecraft:birch_planks":40,"minecraft:stone_axe":1,"minecraft:air":0,"minecraft:light_gray_bed":1,"minecraft:oak_fence_gate":1,"minecraft:iron_chestplate":1,"minecraft:shield":1,"minecraft:birch_fence":24,"minecraft:stick":112,"minecraft:iron_ingot":325,"minecraft:iron_pickaxe":5,"minecraft:stone_sword":1,"minecraft:iron_leggings":1,"minecraft:gold_ingot":63,"minecraft:torch":20,"minecraft:spruce_fence_gate":4,"minecraft:shears":1},"minecraft:custom":{"minecraft:mob_kills":109,"minecraft:animals_bred":1,"minecraft:interact_with_crafting_table":36,"minecraft:leave_game":34,"minecraft:time_since_death":348564,"minecraft:climb_one_cm":4122,"minecraft:sprint_one_cm":655331,"minecraft:walk_one_cm":829528,"minecraft:damage_blocked_by_shield":440,"minecraft:drop":84,"minecraft:sneak_time":10974,"minecraft:walk_under_water_one_cm":14929,"minecraft:jump":3452,"minecraft:walk_on_water_one_cm":13498,"minecraft:enchant_item":1,"minecraft:interact_with_furnace":99,"minecraft:play_one_minute":348564,"minecraft:sleep_in_bed":9,"minecraft:time_since_rest":21233,"minecraft:damage_taken":2940,"minecraft:damage_dealt":10234,"minecraft:swim_one_cm":8090,"minecraft:fly_one_cm":616424,"minecraft:open_chest":117,"minecraft:crouch_one_cm":26818,"minecraft:fall_one_cm":77545},"minecraft:dropped":{"minecraft:iron_ingot":48,"minecraft:wheat_seeds":26,"minecraft:cooked_beef":3,"minecraft:diamond":41,"minecraft:cobblestone":45,"minecraft:book":5,"minecraft:stripped_jungle_log":3,"minecraft:spruce_fence_gate":4,"minecraft:oxeye_daisy":1,"minecraft:dirt":1,"minecraft:grass":3,"minecraft:birch_fence":24,"minecraft:jungle_sapling":4,"minecraft:wooden_sword":1,"minecraft:jungle_leaves":2,"minecraft:phantom_membrane":1,"minecraft:iron_axe":1,"minecraft:iron_pickaxe":1,"minecraft:spruce_sapling":1,"minecraft:redstone_block":1,"minecraft:dandelion":3,"minecraft:sugar_cane":20,"minecraft:birch_sapling":2,"minecraft:diamond_shovel":2,"minecraft:cooked_mutton":7,"minecraft:cobblestone_slab":64,"minecraft:andesite":1,"minecraft:jungle_log":4,"minecraft:oak_sapling":2,"minecraft:arrow":1,"minecraft:wooden_pickaxe":1,"minecraft:enchanting_table":1},"minecraft:mined":{"minecraft:spruce_planks":62,"minecraft:farmland":3,"minecraft:cobblestone_stairs":3,"minecraft:jungle_leaves":100,"minecraft:granite":88,"minecraft:grass_block":42,"minecraft:jungle_log":61,"minecraft:light_gray_bed":1,"minecraft:spruce_leaves":45,"minecraft:oxeye_daisy":1,"minecraft:furnace":3,"minecraft:carrots":5,"minecraft:iron_ore":32,"minecraft:stripped_spruce_log":3,"minecraft:andesite":4,"minecraft:pumpkin":2,"minecraft:enchanting_table":2,"minecraft:cobblestone_slab":5,"minecraft:vine":21,"minecraft:stripped_jungle_log":3,"minecraft:stripped_oak_log":1,"minecraft:stone":919,"minecraft:redstone_block":1,"minecraft:dandelion":4,"minecraft:crafting_table":7,"minecraft:torch":1,"minecraft:melon":11,"minecraft:glass":2,"minecraft:cobblestone":63,"minecraft:sugar_cane":13,"minecraft:oak_planks":15,"minecraft:diorite":30,"minecraft:wall_torch":9,"minecraft:birch_planks":80,"minecraft:birch_log":73,"minecraft:wheat":29,"minecraft:spruce_log":86,"minecraft:gray_bed":1,"minecraft:birch_leaves":13,"minecraft:grass_path":1,"minecraft:grass":369,"minecraft:oak_log":35,"minecraft:coal_ore":69,"minecraft:cocoa":2,"minecraft:sand":124,"minecraft:dirt":137,"minecraft:birch_fence":6,"minecraft:oak_leaves":138,"minecraft:fern":65},"minecraft:used":{"minecraft:enchanting_table":2,"minecraft:stone_sword":13,"minecraft:chest":8,"minecraft:spruce_planks":111,"minecraft:stone":66,"minecraft:iron_sword":86,"minecraft:cooked_salmon":7,"minecraft:spruce_leaves":1,"minecraft:torch":20,"minecraft:dirt":77,"minecraft:carrot":9,"minecraft:iron_hoe":12,"minecraft:glass":61,"minecraft:iron_axe":588,"minecraft:furnace":5,"minecraft:gray_bed":2,"minecraft:cooked_beef":20,"minecraft:light_gray_bed":2,"minecraft:brown_bed":1,"minecraft:wheat_seeds":50,"minecraft:cooked_mutton":5,"minecraft:water_bucket":23,"minecraft:diorite":4,"minecraft:cobblestone_stairs":23,"minecraft:birch_planks":131,"minecraft:stone_pickaxe":130,"minecraft:oak_planks":25,"minecraft:wooden_pickaxe":17,"minecraft:cobblestone_slab":19,"minecraft:oak_leaves":25,"minecraft:crafting_table":9,"minecraft:shears":216,"minecraft:birch_fence":5,"minecraft:diamond_shovel":241,"minecraft:iron_pickaxe":1076,"minecraft:spruce_sapling":4,"minecraft:stone_axe":94,"minecraft:cobblestone":267,"minecraft:cooked_porkchop":18,"minecraft:andesite":3,"minecraft:bucket":23},"minecraft:picked_up":{"minecraft:wooden_axe":1,"minecraft:spruce_leaves":17,"minecraft:cocoa_beans":5,"minecraft:crafting_table":7,"minecraft:wheat":29,"minecraft:redstone_block":1,"minecraft:chicken":16,"minecraft:string":2,"minecraft:iron_axe":1,"minecraft:birch_fence":6,"minecraft:beetroot":1,"minecraft:bucket":1,"minecraft:spruce_planks":113,"minecraft:beef":36,"minecraft:cobblestone_slab":130,"minecraft:jungle_sapling":4,"minecraft:iron_pickaxe":2,"minecraft:light_gray_wool":4,"minecraft:melon_slice":51,"minecraft:sugar_cane":26,"minecraft:birch_sapling":2,"minecraft:phantom_membrane":1,"minecraft:egg":3,"minecraft:furnace":4,"minecraft:stick":8,"minecraft:stone":17,"minecraft:torch":18,"minecraft:porkchop":55,"minecraft:diorite":32,"minecraft:carrot":11,"minecraft:vine":2,"minecraft:golden_chestplate":1,"minecraft:stone_sword":1,"minecraft:rotten_flesh":11,"minecraft:arrow":9,"minecraft:light_gray_bed":3,"minecraft:mutton":27,"minecraft:stripped_oak_log":1,"minecraft:white_wool":46,"minecraft:cobblestone":1420,"minecraft:oxeye_daisy":1,"minecraft:birch_log":74,"minecraft:enchanting_table":3,"minecraft:feather":8,"minecraft:andesite":4,"minecraft:water_bucket":1,"minecraft:salmon":8,"minecraft:jungle_log":65,"minecraft:brown_wool":3,"minecraft:leather":12,"minecraft:birch_planks":115,"minecraft:oak_log":28,"minecraft:cobblestone_stairs":3,"minecraft:lapis_lazuli":26,"minecraft:dirt":181,"minecraft:bone":6,"minecraft:bow":1,"minecraft:wheat_seeds":103,"minecraft:iron_ingot":27,"minecraft:iron_ore":44,"minecraft:gray_bed":2,"minecraft:oak_planks":18,"minecraft:book":5,"minecraft:pumpkin":2,"minecraft:dandelion":4,"minecraft:sand":123,"minecraft:stripped_spruce_log":4,"minecraft:spruce_sapling":5,"minecraft:spruce_log":169,"minecraft:jungle_leaves":2,"minecraft:stripped_jungle_log":3,"minecraft:diamond_shovel":1,"minecraft:diamond":43,"minecraft:polished_diorite":1,"minecraft:granite":106,"minecraft:grass":3,"minecraft:bone_meal":1,"minecraft:gray_wool":4,"minecraft:oak_sapling":2,"minecraft:black_wool":5,"minecraft:oak_leaves":64,"minecraft:coal":103},"minecraft:broken":{"minecraft:shears":1,"minecraft:stone_pickaxe":1,"minecraft:iron_axe":2,"minecraft:stone_axe":1,"minecraft:iron_pickaxe":4}},"DataVersion":1631}