{"stats":{"minecraft:killed":{"minecraft:spider":1,"minecraft:phantom":3,"minecraft:skeleton":5,"minecraft:chicken":16,"minecraft:pig":28,"minecraft:zombie_villager":1,"minecraft:salmon":8,"minecraft:sheep":21,"minecraft:zombie":4,"minecraft:cow":17},"minecraft:crafted":{"minecraft:wooden_sword":1,"minecraft:oak_planks":112,"minecraft:cooked_chicken":2,"minecraft:furnace":1,"minecraft:cobblestone_stairs":52,"minecraft:stone":81,"minecraft:diamond_shovel":2,"minecraft:cooked_mutton":20,"minecraft:glass":61,"minecraft:iron_boots":1,"minecraft:iron_axe":2,"minecraft:iron_hoe":1,"minecraft:stone_pickaxe":1,"minecraft:chest":6,"minecraft:gray_bed":1,"minecraft:cooked_beef":25,"minecraft:coal_block":2,"minecraft:cooked_porkchop":55,"minecraft:crafting_table":1,"minecraft:spruce_planks":328,"minecraft:wooden_pickaxe":1,"minecraft:iron_helmet":1,"minecraft:iron_sword":1,"minecraft:cooked_salmon":8,"minecraft:brown_bed":1,"minecraft:birch_planks":40,"minecraft:stone_axe":1,"minecraft:air":0,"minecraft:light_gray_bed":1,"minecraft:iron_chestplate":1,"minecraft:shield":1,"minecraft:stick":32,"minecraft:iron_ingot":259,"minecraft:iron_pickaxe":3,"minecraft:stone_sword":1,"minecraft:iron_leggings":1,"minecraft:gold_ingot":63,"minecraft:shears":1},"minecraft:custom":{"minecraft:mob_kills":104,"minecraft:interact_with_crafting_table":28,"minecraft:leave_game":34,"minecraft:time_since_death":271799,"minecraft:climb_one_cm":4122,"minecraft:sprint_one_cm":527197,"minecraft:walk_one_cm":615474,"minecraft:damage_blocked_by_shield":440,"minecraft:drop":49,"minecraft:sneak_time":10602,"minecraft:walk_under_water_one_cm":13885,"minecraft:jump":2999,"minecraft:walk_on_water_one_cm":11656,"minecraft:interact_with_furnace":91,"minecraft:play_one_minute":271799,"minecraft:sleep_in_bed":5,"minecraft:time_since_rest":653,"minecraft:damage_taken":2736,"minecraft:damage_dealt":9344,"minecraft:swim_one_cm":7266,"minecraft:fly_one_cm":555361,"minecraft:open_chest":82,"minecraft:crouch_one_cm":25813,"minecraft:fall_one_cm":69453},"minecraft:dropped":{"minecraft:iron_ingot":48,"minecraft:wheat_seeds":26,"minecraft:cooked_beef":3,"minecraft:diamond":41,"minecraft:cobblestone":45,"minecraft:stripped_jungle_log":3,"minecraft:oxeye_daisy":1,"minecraft:dirt":1,"minecraft:grass":3,"minecraft:jungle_sapling":4,"minecraft:wooden_sword":1,"minecraft:jungle_leaves":2,"minecraft:phantom_membrane":1,"minecraft:iron_axe":1,"minecraft:iron_pickaxe":1,"minecraft:spruce_sapling":1,"minecraft:redstone_block":1,"minecraft:dandelion":2,"minecraft:sugar_cane":20,"minecraft:birch_sapling":2,"minecraft:diamond_shovel":2,"minecraft:cooked_mutton":7,"minecraft:cobblestone_slab":64,"minecraft:andesite":1,"minecraft:jungle_log":4,"minecraft:oak_sapling":2,"minecraft:arrow":1,"minecraft:wooden_pickaxe":1},"minecraft:mined":{"minecraft:spruce_planks":16,"minecraft:farmland":1,"minecraft:cobblestone_stairs":3,"minecraft:jungle_leaves":100,"minecraft:granite":70,"minecraft:grass_block":39,"minecraft:jungle_log":61,"minecraft:light_gray_bed":1,"minecraft:spruce_leaves":37,"minecraft:oxeye_daisy":1,"minecraft:furnace":3,"minecraft:carrots":1,"minecraft:iron_ore":19,"minecraft:andesite":1,"minecraft:stripped_spruce_log":3,"minecraft:pumpkin":2,"minecraft:cobblestone_slab":5,"minecraft:vine":21,"minecraft:stripped_jungle_log":3,"minecraft:stripped_oak_log":1,"minecraft:stone":522,"minecraft:redstone_block":1,"minecraft:dandelion":3,"minecraft:crafting_table":7,"minecraft:melon":6,"minecraft:glass":2,"minecraft:cobblestone":49,"minecraft:sugar_cane":10,"minecraft:oak_planks":4,"minecraft:diorite":25,"minecraft:wall_torch":2,"minecraft:birch_planks":10,"minecraft:birch_log":73,"minecraft:wheat":7,"minecraft:gray_bed":1,"minecraft:spruce_log":77,"minecraft:birch_leaves":13,"minecraft:grass_path":1,"minecraft:grass":369,"minecraft:oak_log":35,"minecraft:coal_ore":63,"minecraft:cocoa":2,"minecraft:sand":124,"minecraft:dirt":111,"minecraft:oak_leaves":138,"minecraft:fern":24},"minecraft:used":{"minecraft:stone_sword":13,"minecraft:chest":6,"minecraft:spruce_planks":16,"minecraft:stone":66,"minecraft:iron_sword":80,"minecraft:cooked_salmon":7,"minecraft:spruce_leaves":1,"minecraft:torch":4,"minecraft:dirt":74,"minecraft:carrot":2,"minecraft:iron_hoe":9,"minecraft:glass":61,"minecraft:iron_axe":430,"minecraft:furnace":5,"minecraft:gray_bed":2,"minecraft:cooked_beef":20,"minecraft:light_gray_bed":2,"minecraft:brown_bed":1,"minecraft:wheat_seeds":29,"minecraft:cooked_mutton":5,"minecraft:water_bucket":5,"minecraft:diorite":4,"minecraft:cobblestone_stairs":23,"minecraft:birch_planks":29,"minecraft:stone_pickaxe":130,"minecraft:oak_planks":11,"minecraft:wooden_pickaxe":17,"minecraft:cobblestone_slab":19,"minecraft:oak_leaves":25,"minecraft:crafting_table":7,"minecraft:shears":216,"minecraft:diamond_shovel":239,"minecraft:iron_pickaxe":618,"minecraft:spruce_sapling":4,"minecraft:stone_axe":94,"minecraft:cobblestone":239,"minecraft:cooked_porkchop":13,"minecraft:bucket":6},"minecraft:picked_up":{"minecraft:spruce_leaves":17,"minecraft:cocoa_beans":5,"minecraft:crafting_table":7,"minecraft:wheat":7,"minecraft:redstone_block":1,"minecraft:chicken":16,"minecraft:string":2,"minecraft:iron_axe":1,"minecraft:beetroot":1,"minecraft:bucket":1,"minecraft:spruce_planks":58,"minecraft:beef":36,"minecraft:cobblestone_slab":130,"minecraft:jungle_sapling":4,"minecraft:iron_pickaxe":1,"minecraft:light_gray_wool":4,"minecraft:melon_slice":27,"minecraft:sugar_cane":20,"minecraft:birch_sapling":2,"minecraft:phantom_membrane":1,"minecraft:furnace":4,"minecraft:stick":8,"minecraft:stone":17,"minecraft:torch":4,"minecraft:porkchop":55,"minecraft:carrot":2,"minecraft:diorite":27,"minecraft:vine":2,"minecraft:stone_sword":1,"minecraft:rotten_flesh":8,"minecraft:arrow":9,"minecraft:light_gray_bed":3,"minecraft:mutton":27,"minecraft:stripped_oak_log":1,"minecraft:white_wool":39,"minecraft:cobblestone":899,"minecraft:oxeye_daisy":1,"minecraft:birch_log":74,"minecraft:feather":8,"minecraft:andesite":1,"minecraft:water_bucket":1,"minecraft:salmon":8,"minecraft:jungle_log":65,"minecraft:brown_wool":3,"minecraft:leather":12,"minecraft:birch_planks":10,"minecraft:oak_log":28,"minecraft:cobblestone_stairs":3,"minecraft:dirt":154,"minecraft:bone":6,"minecraft:bow":1,"minecraft:wheat_seeds":60,"minecraft:iron_ingot":27,"minecraft:iron_ore":21,"minecraft:gray_bed":2,"minecraft:oak_planks":4,"minecraft:pumpkin":2,"minecraft:dandelion":3,"minecraft:sand":123,"minecraft:stripped_spruce_log":4,"minecraft:spruce_sapling":5,"minecraft:spruce_log":82,"minecraft:jungle_leaves":2,"minecraft:stripped_jungle_log":3,"minecraft:diamond_shovel":1,"minecraft:diamond":43,"minecraft:polished_diorite":1,"minecraft:granite":71,"minecraft:grass":3,"minecraft:bone_meal":1,"minecraft:gray_wool":4,"minecraft:oak_sapling":2,"minecraft:black_wool":5,"minecraft:oak_leaves":64,"minecraft:coal":93},"minecraft:broken":{"minecraft:shears":1,"minecraft:stone_pickaxe":1,"minecraft:iron_axe":1,"minecraft:stone_axe":1,"minecraft:iron_pickaxe":2}},"DataVersion":1631}