{"stats":{"minecraft:picked_up":{"minecraft:spruce_leaves":17,"minecraft:cocoa_beans":5,"minecraft:crafting_table":7,"minecraft:wheat":4,"minecraft:redstone_block":1,"minecraft:chicken":16,"minecraft:beetroot":1,"minecraft:bucket":1,"minecraft:spruce_planks":56,"minecraft:beef":36,"minecraft:cobblestone_slab":130,"minecraft:jungle_sapling":2,"minecraft:iron_pickaxe":1,"minecraft:light_gray_wool":4,"minecraft:melon_slice":21,"minecraft:sugar_cane":20,"minecraft:birch_sapling":2,"minecraft:phantom_membrane":1,"minecraft:furnace":4,"minecraft:stick":8,"minecraft:stone":17,"minecraft:torch":4,"minecraft:porkchop":55,"minecraft:vine":2,"minecraft:diorite":27,"minecraft:light_gray_bed":3,"minecraft:stone_sword":1,"minecraft:rotten_flesh":8,"minecraft:arrow":9,"minecraft:mutton":27,"minecraft:oxeye_daisy":1,"minecraft:white_wool":39,"minecraft:cobblestone":897,"minecraft:stripped_oak_log":1,"minecraft:birch_log":74,"minecraft:feather":8,"minecraft:jungle_log":51,"minecraft:andesite":1,"minecraft:water_bucket":1,"minecraft:salmon":8,"minecraft:brown_wool":3,"minecraft:leather":12,"minecraft:birch_planks":10,"minecraft:oak_log":28,"minecraft:cobblestone_stairs":3,"minecraft:dirt":152,"minecraft:bone":6,"minecraft:bow":1,"minecraft:wheat_seeds":57,"minecraft:iron_ingot":27,"minecraft:iron_ore":21,"minecraft:gray_bed":2,"minecraft:oak_planks":4,"minecraft:pumpkin":2,"minecraft:dandelion":3,"minecraft:sand":123,"minecraft:stripped_spruce_log":4,"minecraft:spruce_sapling":5,"minecraft:spruce_log":79,"minecraft:jungle_leaves":2,"minecraft:stripped_jungle_log":3,"minecraft:diamond_shovel":1,"minecraft:diamond":43,"minecraft:polished_diorite":1,"minecraft:granite":71,"minecraft:grass":3,"minecraft:bone_meal":1,"minecraft:gray_wool":4,"minecraft:oak_sapling":2,"minecraft:black_wool":5,"minecraft:oak_leaves":64,"minecraft:coal":93},"minecraft:custom":{"minecraft:mob_kills":103,"minecraft:interact_with_crafting_table":27,"minecraft:leave_game":32,"minecraft:time_since_death":253274,"minecraft:climb_one_cm":4122,"minecraft:sprint_one_cm":468326,"minecraft:walk_one_cm":573948,"minecraft:damage_blocked_by_shield":440,"minecraft:drop":42,"minecraft:sneak_time":10416,"minecraft:walk_under_water_one_cm":13204,"minecraft:jump":2821,"minecraft:walk_on_water_one_cm":10895,"minecraft:interact_with_furnace":80,"minecraft:play_one_minute":253274,"minecraft:sleep_in_bed":4,"minecraft:time_since_rest":9172,"minecraft:damage_taken":2587,"minecraft:damage_dealt":9169,"minecraft:swim_one_cm":7105,"minecraft:fly_one_cm":518332,"minecraft:open_chest":68,"minecraft:crouch_one_cm":25483,"minecraft:fall_one_cm":66020},"minecraft:used":{"minecraft:stone_sword":13,"minecraft:chest":6,"minecraft:spruce_planks":16,"minecraft:stone":66,"minecraft:iron_sword":79,"minecraft:cooked_salmon":7,"minecraft:spruce_leaves":1,"minecraft:torch":4,"minecraft:dirt":72,"minecraft:iron_hoe":9,"minecraft:glass":61,"minecraft:iron_axe":410,"minecraft:furnace":5,"minecraft:gray_bed":2,"minecraft:cooked_beef":19,"minecraft:light_gray_bed":2,"minecraft:wheat_seeds":9,"minecraft:cooked_mutton":3,"minecraft:water_bucket":5,"minecraft:diorite":4,"minecraft:cobblestone_stairs":23,"minecraft:birch_planks":29,"minecraft:stone_pickaxe":130,"minecraft:oak_planks":11,"minecraft:wooden_pickaxe":17,"minecraft:cobblestone_slab":19,"minecraft:oak_leaves":25,"minecraft:crafting_table":7,"minecraft:shears":216,"minecraft:diamond_shovel":237,"minecraft:iron_pickaxe":606,"minecraft:spruce_sapling":4,"minecraft:stone_axe":94,"minecraft:cobblestone":238,"minecraft:cooked_porkchop":13,"minecraft:bucket":6},"minecraft:broken":{"minecraft:shears":1,"minecraft:stone_pickaxe":1,"minecraft:iron_axe":1,"minecraft:stone_axe":1,"minecraft:iron_pickaxe":2},"minecraft:dropped":{"minecraft:wheat_seeds":1,"minecraft:cooked_beef":3,"minecraft:diamond":41,"minecraft:cobblestone":45,"minecraft:stripped_jungle_log":3,"minecraft:oxeye_daisy":1,"minecraft:dirt":1,"minecraft:grass":3,"minecraft:wooden_sword":1,"minecraft:jungle_leaves":2,"minecraft:phantom_membrane":1,"minecraft:iron_pickaxe":1,"minecraft:spruce_sapling":1,"minecraft:redstone_block":1,"minecraft:dandelion":2,"minecraft:sugar_cane":20,"minecraft:birch_sapling":2,"minecraft:diamond_shovel":2,"minecraft:cooked_mutton":7,"minecraft:cobblestone_slab":64,"minecraft:andesite":1,"minecraft:jungle_log":4,"minecraft:oak_sapling":2,"minecraft:arrow":1,"minecraft:wooden_pickaxe":1},"minecraft:crafted":{"minecraft:wooden_sword":1,"minecraft:oak_planks":112,"minecraft:cooked_chicken":2,"minecraft:furnace":1,"minecraft:cobblestone_stairs":52,"minecraft:stone":81,"minecraft:diamond_shovel":2,"minecraft:cooked_mutton":20,"minecraft:glass":61,"minecraft:iron_boots":1,"minecraft:iron_axe":2,"minecraft:iron_hoe":1,"minecraft:stone_pickaxe":1,"minecraft:chest":6,"minecraft:gray_bed":1,"minecraft:cooked_beef":25,"minecraft:coal_block":2,"minecraft:cooked_porkchop":13,"minecraft:crafting_table":1,"minecraft:spruce_planks":316,"minecraft:wooden_pickaxe":1,"minecraft:iron_helmet":1,"minecraft:iron_sword":1,"minecraft:cooked_salmon":8,"minecraft:birch_planks":40,"minecraft:stone_axe":1,"minecraft:air":0,"minecraft:light_gray_bed":1,"minecraft:iron_chestplate":1,"minecraft:shield":1,"minecraft:stick":32,"minecraft:iron_ingot":259,"minecraft:iron_pickaxe":3,"minecraft:stone_sword":1,"minecraft:iron_leggings":1,"minecraft:gold_ingot":63,"minecraft:shears":1},"minecraft:killed":{"minecraft:phantom":3,"minecraft:skeleton":5,"minecraft:chicken":16,"minecraft:pig":28,"minecraft:zombie_villager":1,"minecraft:salmon":8,"minecraft:sheep":21,"minecraft:zombie":4,"minecraft:cow":17},"minecraft:mined":{"minecraft:spruce_planks":16,"minecraft:farmland":1,"minecraft:cobblestone_stairs":3,"minecraft:jungle_leaves":100,"minecraft:granite":68,"minecraft:grass_block":39,"minecraft:jungle_log":49,"minecraft:light_gray_bed":1,"minecraft:spruce_leaves":37,"minecraft:oxeye_daisy":1,"minecraft:furnace":3,"minecraft:iron_ore":19,"minecraft:andesite":1,"minecraft:stripped_spruce_log":3,"minecraft:pumpkin":2,"minecraft:cobblestone_slab":5,"minecraft:vine":21,"minecraft:stripped_oak_log":1,"minecraft:stripped_jungle_log":3,"minecraft:stone":512,"minecraft:redstone_block":1,"minecraft:dandelion":3,"minecraft:crafting_table":7,"minecraft:melon":4,"minecraft:glass":2,"minecraft:cobblestone":49,"minecraft:sugar_cane":10,"minecraft:oak_planks":4,"minecraft:diorite":25,"minecraft:wall_torch":2,"minecraft:birch_planks":10,"minecraft:birch_log":73,"minecraft:wheat":4,"minecraft:gray_bed":1,"minecraft:spruce_log":74,"minecraft:birch_leaves":13,"minecraft:grass_path":1,"minecraft:grass":369,"minecraft:oak_log":35,"minecraft:coal_ore":63,"minecraft:cocoa":2,"minecraft:sand":124,"minecraft:dirt":109,"minecraft:oak_leaves":138,"minecraft:fern":24}},"DataVersion":1631}