{"stats":{"minecraft:crafted":{"minecraft:oak_planks":24,"minecraft:crafting_table":1,"minecraft:stick":12,"minecraft:wooden_pickaxe":1,"minecraft:stone_pickaxe":1,"minecraft:wooden_axe":1,"minecraft:furnace":1,"minecraft:stone_axe":1,"minecraft:cooked_beef":5},"minecraft:custom":{"minecraft:time_since_rest":4284,"minecraft:interact_with_furnace":3,"minecraft:sprint_one_cm":35923,"minecraft:damage_taken":440,"minecraft:walk_one_cm":18262,"minecraft:mob_kills":16,"minecraft:damage_dealt":1379,"minecraft:swim_one_cm":965,"minecraft:damage_dealt_absorbed":22,"minecraft:interact_with_crafting_table":4,"minecraft:fly_one_cm":34328,"minecraft:play_one_minute":12000,"minecraft:deaths":1,"minecraft:sneak_time":48,"minecraft:walk_under_water_one_cm":192,"minecraft:jump":190,"minecraft:walk_on_water_one_cm":113,"minecraft:time_since_death":4221,"minecraft:fall_one_cm":8241},"minecraft:killed":{"minecraft:sheep":5,"minecraft:pig":5,"minecraft:chicken":2,"minecraft:cow":4},"minecraft:killed_by":{"minecraft:creeper":1},"minecraft:mined":{"minecraft:birch_log":5,"minecraft:birch_leaves":2,"minecraft:crafting_table":1,"minecraft:grass":1,"minecraft:oak_log":12,"minecraft:coal_ore":8,"minecraft:poppy":2,"minecraft:stone":19,"minecraft:oak_planks":1,"minecraft:oak_leaves":1,"minecraft:fern":1},"minecraft:picked_up":{"minecraft:wooden_axe":1,"minecraft:birch_log":10,"minecraft:stick":4,"minecraft:crafting_table":2,"minecraft:feather":4,"minecraft:chicken":2,"minecraft:leather":6,"minecraft:wooden_pickaxe":1,"minecraft:porkchop":10,"minecraft:oak_log":18,"minecraft:spruce_log":2,"minecraft:dirt":12,"minecraft:stone_axe":1,"minecraft:wheat_seeds":1,"minecraft:beef":10,"minecraft:stone_pickaxe":1,"minecraft:poppy":3,"minecraft:oak_sapling":2,"minecraft:mutton":6,"minecraft:black_wool":2,"minecraft:oak_planks":9,"minecraft:coal":16,"minecraft:white_wool":3,"minecraft:cobblestone":22},"minecraft:used":{"minecraft:wooden_axe":2,"minecraft:stone_pickaxe":24,"minecraft:oak_planks":1,"minecraft:wooden_pickaxe":3,"minecraft:stone_axe":45,"minecraft:crafting_table":2,"minecraft:furnace":1,"minecraft:cooked_beef":2}},"DataVersion":1631}