{"stats":{"minecraft:custom":{"minecraft:interact_with_furnace":29,"minecraft:mob_kills":40,"minecraft:interact_with_crafting_table":20,"minecraft:play_one_minute":48674,"minecraft:time_since_death":40895,"minecraft:time_since_rest":40958,"minecraft:sprint_one_cm":189756,"minecraft:damage_taken":929,"minecraft:walk_one_cm":72505,"minecraft:drop":17,"minecraft:damage_dealt":4888,"minecraft:damage_dealt_absorbed":49,"minecraft:swim_one_cm":2765,"minecraft:fly_one_cm":171491,"minecraft:crouch_one_cm":1,"minecraft:deaths":1,"minecraft:sneak_time":59,"minecraft:walk_under_water_one_cm":793,"minecraft:jump":955,"minecraft:walk_on_water_one_cm":3785,"minecraft:fall_one_cm":23299},"minecraft:crafted":{"minecraft:cooked_beef":10,"minecraft:oak_planks":24,"minecraft:cooked_porkchop":15,"minecraft:leather_boots":1,"minecraft:crafting_table":1,"minecraft:wooden_pickaxe":1,"minecraft:iron_helmet":1,"minecraft:furnace":1,"minecraft:bucket":1,"minecraft:birch_planks":20,"minecraft:stone_axe":3,"minecraft:oak_boat":1,"minecraft:iron_chestplate":1,"minecraft:iron_boots":1,"minecraft:stick":52,"minecraft:iron_ingot":31,"minecraft:iron_pickaxe":1,"minecraft:stone_pickaxe":2,"minecraft:wooden_axe":1,"minecraft:stone_sword":1,"minecraft:iron_leggings":1,"minecraft:torch":60},"minecraft:killed":{"minecraft:pig":10,"minecraft:sheep":9,"minecraft:skeleton":2,"minecraft:zombie":4,"minecraft:chicken":2,"minecraft:enderman":1,"minecraft:cow":12},"minecraft:dropped":{"minecraft:stripped_spruce_log":1,"minecraft:wheat_seeds":1,"minecraft:cooked_beef":1,"minecraft:stone_sword":1,"minecraft:feather":4,"minecraft:rotten_flesh":2,"minecraft:dirt":13,"minecraft:wooden_axe":1,"minecraft:brown_wool":1,"minecraft:oak_boat":1,"minecraft:oak_sapling":1,"minecraft:stone_pickaxe":2,"minecraft:wooden_pickaxe":1,"minecraft:iron_pickaxe":2,"minecraft:spruce_sapling":4},"minecraft:killed_by":{"minecraft:creeper":1},"minecraft:mined":{"minecraft:crafting_table":7,"minecraft:torch":1,"minecraft:granite":5,"minecraft:grass_block":1,"minecraft:poppy":2,"minecraft:cobblestone":3,"minecraft:spruce_leaves":2,"minecraft:oak_planks":1,"minecraft:sugar_cane":2,"minecraft:wall_torch":3,"minecraft:furnace":5,"minecraft:birch_log":5,"minecraft:iron_ore":45,"minecraft:spruce_log":22,"minecraft:birch_leaves":4,"minecraft:stripped_spruce_log":1,"minecraft:grass":33,"minecraft:coal_ore":101,"minecraft:oak_log":12,"minecraft:gravel":8,"minecraft:stone":111,"minecraft:gold_ore":1,"minecraft:oak_leaves":1,"minecraft:fern":1},"minecraft:picked_up":{"minecraft:wooden_axe":1,"minecraft:birch_log":10,"minecraft:crafting_table":8,"minecraft:feather":4,"minecraft:cooked_beef":1,"minecraft:chicken":2,"minecraft:leather":11,"minecraft:brown_wool":1,"minecraft:wooden_pickaxe":1,"minecraft:flint":2,"minecraft:oak_log":18,"minecraft:dirt":13,"minecraft:bone":2,"minecraft:wheat_seeds":3,"minecraft:beef":23,"minecraft:stone_pickaxe":1,"minecraft:oak_boat":1,"minecraft:iron_ore":46,"minecraft:iron_pickaxe":2,"minecraft:poppy":3,"minecraft:sugar_cane":5,"minecraft:oak_planks":9,"minecraft:furnace":5,"minecraft:stick":4,"minecraft:cooked_porkchop":3,"minecraft:torch":8,"minecraft:gravel":6,"minecraft:porkchop":18,"minecraft:stripped_spruce_log":1,"minecraft:spruce_sapling":4,"minecraft:spruce_log":30,"minecraft:gold_ore":1,"minecraft:stone_sword":1,"minecraft:arrow":4,"minecraft:rotten_flesh":4,"minecraft:stone_axe":1,"minecraft:granite":4,"minecraft:oak_sapling":2,"minecraft:black_wool":2,"minecraft:mutton":13,"minecraft:coal":216,"minecraft:white_wool":6,"minecraft:cobblestone":113},"minecraft:broken":{"minecraft:stone_axe":1},"minecraft:used":{"minecraft:water_bucket":6,"minecraft:stone_sword":26,"minecraft:stone_pickaxe":99,"minecraft:oak_planks":1,"minecraft:wooden_pickaxe":3,"minecraft:torch":68,"minecraft:crafting_table":7,"minecraft:wooden_axe":2,"minecraft:iron_pickaxe":181,"minecraft:stone_axe":160,"minecraft:cobblestone":28,"minecraft:furnace":5,"minecraft:bucket":7,"minecraft:oak_boat":1,"minecraft:cooked_beef":10}},"DataVersion":1631}