{"stats":{"minecraft:picked_up":{"minecraft:wooden_axe":1,"minecraft:birch_log":10,"minecraft:crafting_table":8,"minecraft:feather":4,"minecraft:cooked_beef":1,"minecraft:chicken":2,"minecraft:brown_wool":1,"minecraft:leather":11,"minecraft:wooden_pickaxe":1,"minecraft:flint":2,"minecraft:oak_log":18,"minecraft:dirt":13,"minecraft:bone":2,"minecraft:wheat_seeds":3,"minecraft:beef":23,"minecraft:stone_pickaxe":1,"minecraft:oak_boat":1,"minecraft:iron_ore":72,"minecraft:poppy":3,"minecraft:iron_pickaxe":2,"minecraft:sugar_cane":5,"minecraft:oak_planks":9,"minecraft:furnace":6,"minecraft:stick":4,"minecraft:cooked_porkchop":3,"minecraft:torch":8,"minecraft:gravel":6,"minecraft:porkchop":18,"minecraft:stripped_spruce_log":1,"minecraft:spruce_sapling":4,"minecraft:spruce_log":30,"minecraft:gold_ore":1,"minecraft:stone_sword":1,"minecraft:arrow":4,"minecraft:rotten_flesh":4,"minecraft:stone_axe":1,"minecraft:granite":4,"minecraft:oak_sapling":2,"minecraft:black_wool":2,"minecraft:mutton":13,"minecraft:coal":241,"minecraft:white_wool":6,"minecraft:cobblestone":117},"minecraft:used":{"minecraft:water_bucket":6,"minecraft:stone_sword":26,"minecraft:stone_pickaxe":99,"minecraft:oak_planks":1,"minecraft:wooden_pickaxe":3,"minecraft:torch":81,"minecraft:crafting_table":8,"minecraft:wooden_axe":2,"minecraft:iron_pickaxe":236,"minecraft:stone_axe":160,"minecraft:cobblestone":31,"minecraft:furnace":10,"minecraft:bucket":7,"minecraft:oak_boat":1,"minecraft:cooked_beef":10},"minecraft:crafted":{"minecraft:cooked_beef":10,"minecraft:oak_planks":24,"minecraft:cooked_porkchop":15,"minecraft:leather_boots":1,"minecraft:crafting_table":1,"minecraft:wooden_pickaxe":1,"minecraft:iron_helmet":1,"minecraft:furnace":4,"minecraft:bucket":1,"minecraft:birch_planks":20,"minecraft:stone_axe":3,"minecraft:oak_boat":1,"minecraft:iron_boots":1,"minecraft:iron_chestplate":1,"minecraft:stick":52,"minecraft:iron_ingot":31,"minecraft:iron_pickaxe":1,"minecraft:stone_pickaxe":2,"minecraft:wooden_axe":1,"minecraft:stone_sword":1,"minecraft:iron_leggings":1,"minecraft:torch":96},"minecraft:killed":{"minecraft:pig":10,"minecraft:sheep":9,"minecraft:skeleton":2,"minecraft:zombie":4,"minecraft:chicken":2,"minecraft:enderman":1,"minecraft:cow":12},"minecraft:mined":{"minecraft:crafting_table":7,"minecraft:torch":1,"minecraft:granite":5,"minecraft:grass_block":1,"minecraft:poppy":2,"minecraft:cobblestone":3,"minecraft:spruce_leaves":2,"minecraft:oak_planks":1,"minecraft:sugar_cane":2,"minecraft:wall_torch":3,"minecraft:furnace":6,"minecraft:birch_log":5,"minecraft:iron_ore":71,"minecraft:spruce_log":22,"minecraft:birch_leaves":4,"minecraft:stripped_spruce_log":1,"minecraft:grass":33,"minecraft:coal_ore":125,"minecraft:oak_log":12,"minecraft:gravel":8,"minecraft:stone":115,"minecraft:gold_ore":1,"minecraft:oak_leaves":1,"minecraft:fern":1},"minecraft:dropped":{"minecraft:stripped_spruce_log":1,"minecraft:wheat_seeds":1,"minecraft:cooked_beef":1,"minecraft:stone_sword":1,"minecraft:feather":4,"minecraft:rotten_flesh":2,"minecraft:dirt":13,"minecraft:wooden_axe":1,"minecraft:brown_wool":1,"minecraft:oak_boat":1,"minecraft:oak_sapling":1,"minecraft:stone_pickaxe":2,"minecraft:wooden_pickaxe":1,"minecraft:iron_pickaxe":2,"minecraft:spruce_sapling":4},"minecraft:broken":{"minecraft:stone_axe":1},"minecraft:killed_by":{"minecraft:creeper":1},"minecraft:custom":{"minecraft:interact_with_furnace":33,"minecraft:mob_kills":40,"minecraft:interact_with_crafting_table":22,"minecraft:play_one_minute":54683,"minecraft:time_since_death":46904,"minecraft:time_since_rest":46967,"minecraft:sprint_one_cm":200930,"minecraft:damage_taken":929,"minecraft:walk_one_cm":80406,"minecraft:drop":17,"minecraft:damage_dealt":4888,"minecraft:swim_one_cm":2765,"minecraft:damage_dealt_absorbed":49,"minecraft:fly_one_cm":174766,"minecraft:crouch_one_cm":1,"minecraft:deaths":1,"minecraft:sneak_time":59,"minecraft:walk_under_water_one_cm":793,"minecraft:jump":996,"minecraft:walk_on_water_one_cm":4767,"minecraft:fall_one_cm":23299}},"DataVersion":1631}