{"stats":{"minecraft:picked_up":{"minecraft:wooden_axe":1,"minecraft:crafting_table":11,"minecraft:chicken":2,"minecraft:wooden_pickaxe":1,"minecraft:string":49,"minecraft:beef":23,"minecraft:oak_boat":2,"minecraft:poppy":5,"minecraft:iron_pickaxe":3,"minecraft:sugar_cane":5,"minecraft:furnace":16,"minecraft:stick":4,"minecraft:torch":10,"minecraft:porkchop":18,"minecraft:redstone":37,"minecraft:stone_sword":1,"minecraft:arrow":10,"minecraft:rotten_flesh":8,"minecraft:mutton":13,"minecraft:rail":2,"minecraft:white_wool":6,"minecraft:cobblestone":359,"minecraft:birch_log":10,"minecraft:feather":4,"minecraft:cooked_beef":1,"minecraft:andesite":3,"minecraft:brown_wool":1,"minecraft:leather":11,"minecraft:flint":10,"minecraft:oak_log":18,"minecraft:gunpowder":1,"minecraft:dirt":40,"minecraft:bone":2,"minecraft:wheat_seeds":3,"minecraft:stone_pickaxe":1,"minecraft:iron_ingot":4,"minecraft:iron_ore":241,"minecraft:oak_planks":10,"minecraft:cooked_porkchop":3,"minecraft:gravel":36,"minecraft:stripped_spruce_log":1,"minecraft:spruce_sapling":4,"minecraft:spruce_log":30,"minecraft:gold_ore":28,"minecraft:diamond":8,"minecraft:stone_axe":1,"minecraft:granite":4,"minecraft:oak_sapling":2,"minecraft:coal":417,"minecraft:black_wool":2,"minecraft:ender_pearl":1},"minecraft:custom":{"minecraft:mob_kills":50,"minecraft:interact_with_crafting_table":35,"minecraft:leave_game":1,"minecraft:time_since_death":129551,"minecraft:sprint_one_cm":482740,"minecraft:walk_one_cm":207786,"minecraft:damage_blocked_by_shield":300,"minecraft:drop":42,"minecraft:damage_dealt_absorbed":71,"minecraft:deaths":1,"minecraft:sneak_time":59,"minecraft:walk_under_water_one_cm":3266,"minecraft:jump":1785,"minecraft:walk_on_water_one_cm":9369,"minecraft:interact_with_furnace":111,"minecraft:play_one_minute":137330,"minecraft:sleep_in_bed":1,"minecraft:time_since_rest":1384,"minecraft:damage_taken":2123,"minecraft:damage_dealt":6802,"minecraft:swim_one_cm":3215,"minecraft:fly_one_cm":270165,"minecraft:open_chest":21,"minecraft:crouch_one_cm":1,"minecraft:fall_one_cm":34915},"minecraft:used":{"minecraft:stone_sword":27,"minecraft:chest":4,"minecraft:iron_sword":76,"minecraft:torch":201,"minecraft:dirt":18,"minecraft:wooden_axe":2,"minecraft:lava_bucket":2,"minecraft:iron_axe":36,"minecraft:furnace":20,"minecraft:cooked_beef":10,"minecraft:water_bucket":12,"minecraft:stone_pickaxe":99,"minecraft:oak_planks":1,"minecraft:ender_pearl":1,"minecraft:wooden_pickaxe":3,"minecraft:crafting_table":11,"minecraft:white_bed":1,"minecraft:iron_pickaxe":745,"minecraft:stone_axe":160,"minecraft:cobblestone":88,"minecraft:cooked_porkchop":17,"minecraft:bucket":16,"minecraft:oak_boat":2},"minecraft:broken":{"minecraft:stone_axe":1,"minecraft:iron_pickaxe":2},"minecraft:killed_by":{"minecraft:creeper":1},"minecraft:crafted":{"minecraft:oak_planks":48,"minecraft:leather_boots":1,"minecraft:furnace":4,"minecraft:cooked_mutton":13,"minecraft:diamond_helmet":1,"minecraft:diamond_leggings":1,"minecraft:iron_boots":1,"minecraft:iron_axe":1,"minecraft:stone_pickaxe":2,"minecraft:chest":4,"minecraft:diamond_boots":1,"minecraft:cooked_beef":23,"minecraft:cooked_porkchop":15,"minecraft:crafting_table":1,"minecraft:spruce_planks":44,"minecraft:wooden_pickaxe":1,"minecraft:iron_helmet":1,"minecraft:iron_sword":1,"minecraft:bucket":2,"minecraft:birch_planks":20,"minecraft:stone_axe":3,"minecraft:oak_boat":2,"minecraft:iron_chestplate":1,"minecraft:shield":1,"minecraft:stick":84,"minecraft:iron_ingot":152,"minecraft:iron_pickaxe":3,"minecraft:wooden_axe":1,"minecraft:stone_sword":1,"minecraft:iron_leggings":1,"minecraft:gold_ingot":28,"minecraft:white_bed":1,"minecraft:torch":224,"minecraft:diamond_chestplate":1},"minecraft:dropped":{"minecraft:gold_ore":1,"minecraft:stripped_spruce_log":1,"minecraft:wheat_seeds":3,"minecraft:cooked_beef":1,"minecraft:feather":4,"minecraft:granite":4,"minecraft:rail":2,"minecraft:flint":4,"minecraft:dirt":13,"minecraft:wooden_axe":1,"minecraft:brown_wool":1,"minecraft:iron_pickaxe":3,"minecraft:string":4,"minecraft:spruce_sapling":4,"minecraft:gravel":14,"minecraft:stone_axe":2,"minecraft:sugar_cane":5,"minecraft:stone_sword":2,"minecraft:rotten_flesh":4,"minecraft:oak_planks":1,"minecraft:poppy":2,"minecraft:andesite":3,"minecraft:oak_boat":1,"minecraft:oak_sapling":1,"minecraft:arrow":5,"minecraft:wooden_pickaxe":1,"minecraft:stone_pickaxe":2,"minecraft:black_wool":2},"minecraft:killed":{"minecraft:cave_spider":4,"minecraft:skeleton":3,"minecraft:chicken":2,"minecraft:pig":10,"minecraft:creeper":1,"minecraft:sheep":9,"minecraft:zombie":7,"minecraft:enderman":2,"minecraft:cow":12},"minecraft:mined":{"minecraft:diamond_ore":8,"minecraft:granite":10,"minecraft:grass_block":6,"minecraft:spruce_leaves":2,"minecraft:spawner":2,"minecraft:redstone_ore":8,"minecraft:furnace":16,"minecraft:iron_ore":242,"minecraft:andesite":4,"minecraft:stripped_spruce_log":1,"minecraft:rail":1,"minecraft:stone":326,"minecraft:crafting_table":10,"minecraft:torch":1,"minecraft:poppy":2,"minecraft:cobblestone":19,"minecraft:sugar_cane":2,"minecraft:oak_planks":2,"minecraft:wall_torch":5,"minecraft:birch_log":5,"minecraft:spruce_log":22,"minecraft:birch_leaves":4,"minecraft:grass":33,"minecraft:oak_log":12,"minecraft:coal_ore":145,"minecraft:gravel":34,"minecraft:dirt":28,"minecraft:cobweb":48,"minecraft:gold_ore":27,"minecraft:oak_leaves":1,"minecraft:fern":1}},"DataVersion":1631}