{"stats":{"minecraft:custom":{"minecraft:interact_with_furnace":10,"minecraft:mob_kills":22,"minecraft:interact_with_crafting_table":8,"minecraft:play_one_minute":18674,"minecraft:time_since_death":10895,"minecraft:time_since_rest":10958,"minecraft:sprint_one_cm":66742,"minecraft:damage_taken":485,"minecraft:walk_one_cm":31083,"minecraft:drop":1,"minecraft:damage_dealt":1998,"minecraft:damage_dealt_absorbed":25,"minecraft:swim_one_cm":965,"minecraft:fly_one_cm":57720,"minecraft:crouch_one_cm":1,"minecraft:deaths":1,"minecraft:sneak_time":59,"minecraft:walk_under_water_one_cm":192,"minecraft:jump":316,"minecraft:walk_on_water_one_cm":113,"minecraft:fall_one_cm":10716},"minecraft:crafted":{"minecraft:cooked_beef":10,"minecraft:oak_planks":24,"minecraft:cooked_porkchop":8,"minecraft:crafting_table":1,"minecraft:wooden_pickaxe":1,"minecraft:furnace":1,"minecraft:birch_planks":20,"minecraft:stone_axe":3,"minecraft:stick":52,"minecraft:stone_pickaxe":2,"minecraft:wooden_axe":1,"minecraft:stone_sword":1},"minecraft:killed":{"minecraft:pig":6,"minecraft:sheep":9,"minecraft:zombie":1,"minecraft:chicken":2,"minecraft:cow":4},"minecraft:dropped":{"minecraft:cooked_beef":1},"minecraft:killed_by":{"minecraft:creeper":1},"minecraft:mined":{"minecraft:crafting_table":3,"minecraft:poppy":2,"minecraft:spruce_leaves":2,"minecraft:oak_planks":1,"minecraft:sugar_cane":2,"minecraft:furnace":2,"minecraft:birch_log":5,"minecraft:spruce_log":22,"minecraft:birch_leaves":2,"minecraft:stripped_spruce_log":1,"minecraft:grass":1,"minecraft:coal_ore":8,"minecraft:oak_log":12,"minecraft:stone":48,"minecraft:oak_leaves":1,"minecraft:fern":1},"minecraft:picked_up":{"minecraft:wooden_axe":1,"minecraft:birch_log":10,"minecraft:crafting_table":4,"minecraft:feather":4,"minecraft:cooked_beef":1,"minecraft:chicken":2,"minecraft:leather":6,"minecraft:brown_wool":1,"minecraft:wooden_pickaxe":1,"minecraft:oak_log":18,"minecraft:dirt":12,"minecraft:wheat_seeds":1,"minecraft:beef":10,"minecraft:stone_pickaxe":1,"minecraft:poppy":3,"minecraft:sugar_cane":5,"minecraft:oak_planks":9,"minecraft:furnace":2,"minecraft:stick":4,"minecraft:cooked_porkchop":3,"minecraft:porkchop":11,"minecraft:stripped_spruce_log":1,"minecraft:spruce_sapling":4,"minecraft:spruce_log":30,"minecraft:arrow":2,"minecraft:rotten_flesh":2,"minecraft:stone_axe":1,"minecraft:oak_sapling":2,"minecraft:black_wool":2,"minecraft:mutton":13,"minecraft:coal":21,"minecraft:white_wool":6,"minecraft:cobblestone":51},"minecraft:broken":{"minecraft:stone_axe":1},"minecraft:used":{"minecraft:stone_pickaxe":56,"minecraft:oak_planks":1,"minecraft:wooden_pickaxe":3,"minecraft:crafting_table":3,"minecraft:wooden_axe":2,"minecraft:stone_axe":90,"minecraft:furnace":2,"minecraft:cooked_beef":3}},"DataVersion":1631}