{"stats":{"minecraft:picked_up":{"minecraft:wooden_axe":1,"minecraft:birch_log":10,"minecraft:crafting_table":11,"minecraft:feather":4,"minecraft:cooked_beef":1,"minecraft:chicken":2,"minecraft:andesite":3,"minecraft:leather":11,"minecraft:brown_wool":1,"minecraft:wooden_pickaxe":1,"minecraft:flint":2,"minecraft:oak_log":18,"minecraft:gunpowder":1,"minecraft:string":10,"minecraft:dirt":13,"minecraft:bone":2,"minecraft:wheat_seeds":3,"minecraft:iron_ingot":4,"minecraft:beef":23,"minecraft:stone_pickaxe":1,"minecraft:iron_ore":188,"minecraft:oak_boat":2,"minecraft:iron_pickaxe":3,"minecraft:poppy":3,"minecraft:sugar_cane":5,"minecraft:oak_planks":10,"minecraft:furnace":16,"minecraft:stick":4,"minecraft:cooked_porkchop":3,"minecraft:torch":9,"minecraft:gravel":8,"minecraft:porkchop":18,"minecraft:stripped_spruce_log":1,"minecraft:spruce_sapling":4,"minecraft:spruce_log":30,"minecraft:gold_ore":11,"minecraft:redstone":37,"minecraft:stone_sword":1,"minecraft:arrow":5,"minecraft:rotten_flesh":8,"minecraft:diamond":8,"minecraft:stone_axe":1,"minecraft:granite":4,"minecraft:oak_sapling":2,"minecraft:black_wool":2,"minecraft:mutton":13,"minecraft:coal":416,"minecraft:white_wool":6,"minecraft:rail":2,"minecraft:cobblestone":178,"minecraft:ender_pearl":1},"minecraft:custom":{"minecraft:interact_with_furnace":90,"minecraft:mob_kills":48,"minecraft:interact_with_crafting_table":32,"minecraft:play_one_minute":90686,"minecraft:time_since_death":82907,"minecraft:time_since_rest":82970,"minecraft:sprint_one_cm":351813,"minecraft:damage_taken":1561,"minecraft:damage_blocked_by_shield":210,"minecraft:walk_one_cm":152684,"minecraft:drop":36,"minecraft:damage_dealt":6572,"minecraft:swim_one_cm":3215,"minecraft:damage_dealt_absorbed":71,"minecraft:fly_one_cm":224202,"minecraft:crouch_one_cm":1,"minecraft:deaths":1,"minecraft:sneak_time":59,"minecraft:walk_under_water_one_cm":2433,"minecraft:jump":1399,"minecraft:walk_on_water_one_cm":9129,"minecraft:fall_one_cm":27046},"minecraft:used":{"minecraft:water_bucket":12,"minecraft:stone_sword":27,"minecraft:stone_pickaxe":99,"minecraft:oak_planks":1,"minecraft:wooden_pickaxe":3,"minecraft:iron_sword":33,"minecraft:torch":161,"minecraft:crafting_table":10,"minecraft:wooden_axe":2,"minecraft:lava_bucket":2,"minecraft:iron_axe":36,"minecraft:iron_pickaxe":466,"minecraft:stone_axe":160,"minecraft:cobblestone":48,"minecraft:furnace":16,"minecraft:cooked_porkchop":9,"minecraft:bucket":16,"minecraft:oak_boat":2,"minecraft:cooked_beef":10},"minecraft:broken":{"minecraft:stone_axe":1,"minecraft:iron_pickaxe":1},"minecraft:killed_by":{"minecraft:creeper":1},"minecraft:dropped":{"minecraft:gravel":8,"minecraft:gold_ore":1,"minecraft:stripped_spruce_log":1,"minecraft:stone_axe":2,"minecraft:sugar_cane":5,"minecraft:wheat_seeds":3,"minecraft:cooked_beef":1,"minecraft:stone_sword":2,"minecraft:feather":4,"minecraft:rotten_flesh":4,"minecraft:oak_planks":1,"minecraft:granite":4,"minecraft:rail":2,"minecraft:dirt":13,"minecraft:andesite":3,"minecraft:wooden_axe":1,"minecraft:brown_wool":1,"minecraft:oak_boat":1,"minecraft:oak_sapling":1,"minecraft:stone_pickaxe":2,"minecraft:wooden_pickaxe":1,"minecraft:iron_pickaxe":3,"minecraft:string":4,"minecraft:spruce_sapling":4,"minecraft:black_wool":2},"minecraft:crafted":{"minecraft:cooked_beef":23,"minecraft:oak_planks":48,"minecraft:cooked_porkchop":15,"minecraft:leather_boots":1,"minecraft:crafting_table":1,"minecraft:wooden_pickaxe":1,"minecraft:iron_helmet":1,"minecraft:iron_sword":1,"minecraft:furnace":4,"minecraft:bucket":2,"minecraft:birch_planks":20,"minecraft:stone_axe":3,"minecraft:cooked_mutton":13,"minecraft:oak_boat":2,"minecraft:iron_chestplate":1,"minecraft:iron_boots":1,"minecraft:shield":1,"minecraft:iron_axe":1,"minecraft:stick":84,"minecraft:iron_ingot":152,"minecraft:iron_pickaxe":3,"minecraft:stone_pickaxe":2,"minecraft:wooden_axe":1,"minecraft:stone_sword":1,"minecraft:gold_ingot":10,"minecraft:iron_leggings":1,"minecraft:torch":224},"minecraft:killed":{"minecraft:cave_spider":2,"minecraft:pig":10,"minecraft:creeper":1,"minecraft:sheep":9,"minecraft:skeleton":3,"minecraft:zombie":7,"minecraft:chicken":2,"minecraft:enderman":2,"minecraft:cow":12},"minecraft:mined":{"minecraft:diamond_ore":8,"minecraft:crafting_table":10,"minecraft:torch":1,"minecraft:granite":5,"minecraft:grass_block":1,"minecraft:poppy":2,"minecraft:cobblestone":4,"minecraft:spruce_leaves":2,"minecraft:oak_planks":2,"minecraft:sugar_cane":2,"minecraft:wall_torch":4,"minecraft:spawner":1,"minecraft:redstone_ore":8,"minecraft:furnace":16,"minecraft:birch_log":5,"minecraft:iron_ore":184,"minecraft:spruce_log":22,"minecraft:birch_leaves":4,"minecraft:stripped_spruce_log":1,"minecraft:andesite":3,"minecraft:grass":33,"minecraft:coal_ore":144,"minecraft:oak_log":12,"minecraft:rail":1,"minecraft:gravel":8,"minecraft:cobweb":11,"minecraft:stone":170,"minecraft:gold_ore":11,"minecraft:oak_leaves":1,"minecraft:fern":1}},"DataVersion":1631}