{"stats":{"minecraft:picked_up":{"minecraft:crafting_table":7,"minecraft:wheat":5,"minecraft:nether_wart":40,"minecraft:andesite":1,"minecraft:jungle_log":2,"minecraft:leather":5,"minecraft:potato":20,"minecraft:oak_log":14,"minecraft:gunpowder":2,"minecraft:dirt":26,"minecraft:string":1,"minecraft:iron_axe":1,"minecraft:bone":3,"minecraft:beetroot":11,"minecraft:wheat_seeds":13,"minecraft:spruce_planks":3,"minecraft:beef":11,"minecraft:iron_ore":80,"minecraft:soul_sand":20,"minecraft:furnace":3,"minecraft:torch":8,"minecraft:porkchop":39,"minecraft:diorite":2,"minecraft:white_bed":3,"minecraft:spruce_log":12,"minecraft:carrot":65,"minecraft:redstone":95,"minecraft:gold_ore":1,"minecraft:tnt":1,"minecraft:arrow":5,"minecraft:rotten_flesh":1,"minecraft:diamond":4,"minecraft:stone_axe":1,"minecraft:beetroot_seeds":31,"minecraft:oak_sapling":4,"minecraft:blaze_rod":1,"minecraft:mutton":15,"minecraft:coal":330,"minecraft:white_wool":10,"minecraft:cobblestone":104},"minecraft:crafted":{"minecraft:oak_planks":28,"minecraft:cooked_porkchop":29,"minecraft:crafting_table":1,"minecraft:spruce_planks":52,"minecraft:iron_helmet":1,"minecraft:wooden_pickaxe":1,"minecraft:furnace":1,"minecraft:bucket":1,"minecraft:sign":3,"minecraft:stone_axe":1,"minecraft:air":0,"minecraft:iron_boots":1,"minecraft:iron_chestplate":1,"minecraft:iron_axe":1,"minecraft:stick":36,"minecraft:iron_ingot":68,"minecraft:iron_pickaxe":2,"minecraft:stone_pickaxe":1,"minecraft:wooden_axe":1,"minecraft:iron_leggings":1,"minecraft:white_bed":2,"minecraft:torch":16},"minecraft:used":{"minecraft:beetroot":1,"minecraft:water_bucket":27,"minecraft:diorite":2,"minecraft:flint_and_steel":1,"minecraft:birch_leaves":4,"minecraft:stone_pickaxe":67,"minecraft:baked_potato":30,"minecraft:oak_planks":16,"minecraft:spruce_planks":1,"minecraft:wooden_pickaxe":8,"minecraft:gold_ore":1,"minecraft:netherrack":4,"minecraft:white_wool":1,"minecraft:torch":18,"minecraft:tnt":1,"minecraft:crafting_table":8,"minecraft:carrot":13,"minecraft:white_bed":3,"minecraft:obsidian":14,"minecraft:wooden_axe":10,"minecraft:iron_pickaxe":343,"minecraft:iron_axe":122,"minecraft:grass_block":17,"minecraft:jungle_log":2,"minecraft:sign":3,"minecraft:stone_axe":49,"minecraft:cobblestone":80,"minecraft:furnace":3,"minecraft:cooked_porkchop":14,"minecraft:andesite":1,"minecraft:bucket":28},"minecraft:killed":{"minecraft:wolf":1,"minecraft:pig":19,"minecraft:spider":1,"minecraft:creeper":2,"minecraft:sheep":12,"minecraft:skeleton":3,"minecraft:zombie":5,"minecraft:wither_skeleton":3,"minecraft:blaze":5,"minecraft:cow":4},"minecraft:mined":{"minecraft:diamond_ore":4,"minecraft:white_bed":3,"minecraft:glass_pane":1,"minecraft:soul_sand":20,"minecraft:jungle_leaves":4,"minecraft:crafting_table":7,"minecraft:jungle_log":2,"minecraft:cobblestone":3,"minecraft:spruce_leaves":10,"minecraft:diorite":2,"minecraft:nether_wart":32,"minecraft:wall_torch":3,"minecraft:spawner":2,"minecraft:redstone_ore":21,"minecraft:furnace":3,"minecraft:carrots":28,"minecraft:iron_ore":80,"minecraft:wheat":6,"minecraft:spruce_log":12,"minecraft:birch_leaves":1,"minecraft:andesite":1,"minecraft:tnt":1,"minecraft:grass_path":1,"minecraft:grass":23,"minecraft:potatoes":14,"minecraft:coal_ore":201,"minecraft:oak_log":15,"minecraft:beetroots":14,"minecraft:stone":97,"minecraft:netherrack":1,"minecraft:gold_ore":1,"minecraft:oak_leaves":10},"minecraft:dropped":{"minecraft:stone_axe":2,"minecraft:wheat_seeds":4,"minecraft:cooked_porkchop":3,"minecraft:beetroot":1,"minecraft:rotten_flesh":1,"minecraft:white_bed":1,"minecraft:grass_block":1,"minecraft:carrot":38,"minecraft:flint_and_steel":1,"minecraft:dirt":2,"minecraft:gunpowder":2,"minecraft:spruce_planks":1,"minecraft:wooden_axe":1,"minecraft:beetroot_seeds":5,"minecraft:iron_axe":1,"minecraft:stone_pickaxe":1,"minecraft:wooden_pickaxe":1,"minecraft:string":1,"minecraft:netherrack":1,"minecraft:bone":4},"minecraft:broken":{"minecraft:iron_pickaxe":1},"minecraft:killed_by":{"minecraft:wither_skeleton":2,"minecraft:phantom":2},"minecraft:custom":{"minecraft:interact_with_furnace":38,"minecraft:mob_kills":55,"minecraft:animals_bred":1,"minecraft:interact_with_crafting_table":18,"minecraft:play_one_minute":444647,"minecraft:leave_game":46,"minecraft:time_since_death":26539,"minecraft:sleep_in_bed":5,"minecraft:climb_one_cm":5217,"minecraft:time_since_rest":26563,"minecraft:sprint_one_cm":283849,"minecraft:damage_taken":5080,"minecraft:walk_one_cm":247965,"minecraft:drop":30,"minecraft:damage_dealt":9030,"minecraft:player_kills":1,"minecraft:swim_one_cm":1684,"minecraft:talked_to_villager":1,"minecraft:fly_one_cm":472987,"minecraft:open_chest":11,"minecraft:crouch_one_cm":33037,"minecraft:sneak_time":12080,"minecraft:deaths":4,"minecraft:walk_under_water_one_cm":3226,"minecraft:jump":2187,"minecraft:walk_on_water_one_cm":9338,"minecraft:fall_one_cm":65057}},"DataVersion":1631}