{"stats":{"minecraft:picked_up":{"minecraft:wheat":5,"minecraft:crafting_table":7,"minecraft:andesite":1,"minecraft:jungle_log":2,"minecraft:leather":5,"minecraft:potato":20,"minecraft:oak_log":9,"minecraft:gunpowder":2,"minecraft:string":1,"minecraft:iron_axe":1,"minecraft:bone":1,"minecraft:beetroot":11,"minecraft:wheat_seeds":12,"minecraft:beef":4,"minecraft:iron_ore":78,"minecraft:furnace":3,"minecraft:torch":8,"minecraft:porkchop":36,"minecraft:diorite":2,"minecraft:white_bed":3,"minecraft:spruce_log":12,"minecraft:carrot":65,"minecraft:redstone":95,"minecraft:gold_ore":1,"minecraft:arrow":4,"minecraft:rotten_flesh":1,"minecraft:diamond":4,"minecraft:stone_axe":1,"minecraft:beetroot_seeds":26,"minecraft:mutton":10,"minecraft:coal":330,"minecraft:white_wool":8,"minecraft:cobblestone":102},"minecraft:crafted":{"minecraft:oak_planks":28,"minecraft:cooked_porkchop":19,"minecraft:crafting_table":1,"minecraft:spruce_planks":24,"minecraft:wooden_pickaxe":1,"minecraft:iron_helmet":1,"minecraft:furnace":1,"minecraft:bucket":1,"minecraft:stone_axe":1,"minecraft:air":0,"minecraft:iron_boots":1,"minecraft:iron_chestplate":1,"minecraft:iron_axe":1,"minecraft:stick":24,"minecraft:iron_ingot":68,"minecraft:iron_pickaxe":2,"minecraft:stone_pickaxe":1,"minecraft:wooden_axe":1,"minecraft:iron_leggings":1,"minecraft:white_bed":2,"minecraft:torch":16},"minecraft:used":{"minecraft:beetroot":1,"minecraft:water_bucket":19,"minecraft:diorite":2,"minecraft:stone_pickaxe":67,"minecraft:baked_potato":14,"minecraft:spruce_planks":1,"minecraft:wooden_pickaxe":8,"minecraft:torch":18,"minecraft:crafting_table":7,"minecraft:carrot":13,"minecraft:white_bed":3,"minecraft:wooden_axe":10,"minecraft:grass_block":11,"minecraft:iron_axe":64,"minecraft:iron_pickaxe":333,"minecraft:jungle_log":2,"minecraft:stone_axe":49,"minecraft:cobblestone":80,"minecraft:furnace":3,"minecraft:cooked_porkchop":11,"minecraft:andesite":1,"minecraft:bucket":20},"minecraft:killed":{"minecraft:wolf":1,"minecraft:pig":17,"minecraft:spider":1,"minecraft:creeper":2,"minecraft:sheep":8,"minecraft:skeleton":2,"minecraft:zombie":5,"minecraft:cow":3},"minecraft:mined":{"minecraft:diamond_ore":4,"minecraft:white_bed":3,"minecraft:glass_pane":1,"minecraft:jungle_leaves":4,"minecraft:crafting_table":7,"minecraft:jungle_log":2,"minecraft:cobblestone":1,"minecraft:spruce_leaves":8,"minecraft:diorite":2,"minecraft:wall_torch":3,"minecraft:redstone_ore":21,"minecraft:furnace":3,"minecraft:carrots":28,"minecraft:iron_ore":75,"minecraft:wheat":6,"minecraft:spruce_log":12,"minecraft:andesite":1,"minecraft:grass_path":1,"minecraft:grass":3,"minecraft:oak_log":10,"minecraft:potatoes":14,"minecraft:coal_ore":201,"minecraft:beetroots":14,"minecraft:stone":97,"minecraft:gold_ore":1,"minecraft:oak_leaves":5},"minecraft:dropped":{"minecraft:stone_axe":2,"minecraft:wheat_seeds":3,"minecraft:rotten_flesh":1,"minecraft:white_bed":1,"minecraft:grass_block":1,"minecraft:carrot":36,"minecraft:spruce_planks":1,"minecraft:wooden_axe":1,"minecraft:iron_axe":1,"minecraft:stone_pickaxe":1,"minecraft:wooden_pickaxe":1,"minecraft:string":1,"minecraft:bone":2},"minecraft:broken":{"minecraft:iron_pickaxe":1},"minecraft:killed_by":{"minecraft:phantom":2},"minecraft:custom":{"minecraft:interact_with_furnace":35,"minecraft:mob_kills":39,"minecraft:animals_bred":1,"minecraft:interact_with_crafting_table":16,"minecraft:play_one_minute":394228,"minecraft:leave_game":43,"minecraft:time_since_death":220141,"minecraft:sleep_in_bed":5,"minecraft:climb_one_cm":5217,"minecraft:time_since_rest":18480,"minecraft:sprint_one_cm":178031,"minecraft:damage_taken":3345,"minecraft:walk_one_cm":189575,"minecraft:drop":17,"minecraft:damage_dealt":5811,"minecraft:swim_one_cm":1684,"minecraft:talked_to_villager":1,"minecraft:fly_one_cm":247300,"minecraft:crouch_one_cm":28713,"minecraft:sneak_time":10479,"minecraft:deaths":2,"minecraft:walk_under_water_one_cm":2836,"minecraft:jump":1446,"minecraft:walk_on_water_one_cm":8343,"minecraft:fall_one_cm":46558}},"DataVersion":1631}