{"stats":{"minecraft:picked_up":{"minecraft:jungle_log":1},"minecraft:custom":{"minecraft:jump":22,"minecraft:time_since_rest":79390,"minecraft:crouch_one_cm":1383,"minecraft:play_one_minute":79390,"minecraft:leave_game":28,"minecraft:sprint_one_cm":808,"minecraft:damage_taken":90,"minecraft:time_since_death":79390,"minecraft:walk_one_cm":8571,"minecraft:sneak_time":247,"minecraft:climb_one_cm":476,"minecraft:fly_one_cm":2963},"minecraft:used":{"minecraft:jungle_log":1},"minecraft:mined":{"minecraft:grass":1,"minecraft:jungle_leaves":2,"minecraft:jungle_log":1}},"DataVersion":1631}