{"stats":{"minecraft:killed":{"minecraft:pig":9,"minecraft:spider":1,"minecraft:creeper":1,"minecraft:sheep":6,"minecraft:skeleton":2,"minecraft:zombie":5,"minecraft:cow":2},"minecraft:crafted":{"minecraft:oak_planks":28,"minecraft:cooked_porkchop":19,"minecraft:crafting_table":1,"minecraft:spruce_planks":24,"minecraft:wooden_pickaxe":1,"minecraft:iron_helmet":1,"minecraft:furnace":1,"minecraft:bucket":1,"minecraft:stone_axe":1,"minecraft:air":0,"minecraft:iron_boots":1,"minecraft:iron_chestplate":1,"minecraft:iron_axe":1,"minecraft:stick":24,"minecraft:iron_ingot":68,"minecraft:iron_pickaxe":1,"minecraft:stone_pickaxe":1,"minecraft:wooden_axe":1,"minecraft:iron_leggings":1,"minecraft:white_bed":1,"minecraft:torch":16},"minecraft:dropped":{"minecraft:stone_axe":2,"minecraft:wheat_seeds":3,"minecraft:rotten_flesh":1,"minecraft:grass_block":1,"minecraft:spruce_planks":1,"minecraft:wooden_axe":1,"minecraft:stone_pickaxe":1,"minecraft:wooden_pickaxe":1,"minecraft:string":1},"minecraft:mined":{"minecraft:diamond_ore":4,"minecraft:white_bed":1,"minecraft:glass_pane":1,"minecraft:jungle_leaves":4,"minecraft:crafting_table":6,"minecraft:jungle_log":2,"minecraft:spruce_leaves":5,"minecraft:diorite":2,"minecraft:wall_torch":2,"minecraft:furnace":3,"minecraft:carrots":27,"minecraft:iron_ore":69,"minecraft:wheat":6,"minecraft:spruce_log":12,"minecraft:andesite":1,"minecraft:grass":3,"minecraft:oak_log":8,"minecraft:potatoes":14,"minecraft:coal_ore":162,"minecraft:beetroots":14,"minecraft:stone":51,"minecraft:gold_ore":1,"minecraft:oak_leaves":4},"minecraft:picked_up":{"minecraft:crafting_table":6,"minecraft:wheat":5,"minecraft:andesite":1,"minecraft:jungle_log":2,"minecraft:leather":3,"minecraft:potato":20,"minecraft:oak_log":7,"minecraft:gunpowder":2,"minecraft:string":1,"minecraft:bone":1,"minecraft:beetroot":11,"minecraft:wheat_seeds":12,"minecraft:beef":2,"minecraft:iron_ore":71,"minecraft:furnace":3,"minecraft:torch":5,"minecraft:porkchop":19,"minecraft:white_bed":1,"minecraft:diorite":2,"minecraft:spruce_log":12,"minecraft:carrot":63,"minecraft:gold_ore":1,"minecraft:arrow":4,"minecraft:rotten_flesh":1,"minecraft:diamond":4,"minecraft:beetroot_seeds":26,"minecraft:stone_axe":1,"minecraft:mutton":7,"minecraft:coal":290,"minecraft:white_wool":6,"minecraft:cobblestone":53},"minecraft:killed_by":{"minecraft:phantom":2},"minecraft:custom":{"minecraft:interact_with_furnace":35,"minecraft:mob_kills":26,"minecraft:interact_with_crafting_table":12,"minecraft:play_one_minute":266164,"minecraft:leave_game":41,"minecraft:time_since_death":92077,"minecraft:sleep_in_bed":2,"minecraft:climb_one_cm":4181,"minecraft:time_since_rest":770,"minecraft:sprint_one_cm":79350,"minecraft:damage_taken":1828,"minecraft:walk_one_cm":121023,"minecraft:drop":12,"minecraft:damage_dealt":3403,"minecraft:swim_one_cm":435,"minecraft:talked_to_villager":1,"minecraft:fly_one_cm":114235,"minecraft:crouch_one_cm":17057,"minecraft:deaths":2,"minecraft:sneak_time":6949,"minecraft:walk_under_water_one_cm":233,"minecraft:jump":749,"minecraft:walk_on_water_one_cm":2832,"minecraft:fall_one_cm":23663},"minecraft:used":{"minecraft:beetroot":1,"minecraft:diorite":2,"minecraft:stone_pickaxe":67,"minecraft:baked_potato":7,"minecraft:spruce_planks":1,"minecraft:wooden_pickaxe":8,"minecraft:torch":10,"minecraft:crafting_table":6,"minecraft:carrot":13,"minecraft:white_bed":1,"minecraft:wooden_axe":10,"minecraft:iron_axe":16,"minecraft:grass_block":11,"minecraft:iron_pickaxe":219,"minecraft:jungle_log":2,"minecraft:stone_axe":49,"minecraft:cobblestone":1,"minecraft:furnace":3,"minecraft:cooked_porkchop":2,"minecraft:bucket":1}},"DataVersion":1631}