{"stats":{"minecraft:picked_up":{"minecraft:wheat":5,"minecraft:crafting_table":7,"minecraft:andesite":1,"minecraft:jungle_log":2,"minecraft:leather":5,"minecraft:potato":20,"minecraft:oak_log":9,"minecraft:gunpowder":2,"minecraft:string":1,"minecraft:iron_axe":1,"minecraft:bone":1,"minecraft:beetroot":11,"minecraft:wheat_seeds":12,"minecraft:beef":4,"minecraft:iron_ore":78,"minecraft:furnace":3,"minecraft:torch":7,"minecraft:porkchop":36,"minecraft:diorite":2,"minecraft:white_bed":1,"minecraft:spruce_log":12,"minecraft:carrot":63,"minecraft:redstone":95,"minecraft:gold_ore":1,"minecraft:arrow":4,"minecraft:rotten_flesh":1,"minecraft:diamond":4,"minecraft:stone_axe":1,"minecraft:beetroot_seeds":26,"minecraft:mutton":10,"minecraft:coal":330,"minecraft:white_wool":8,"minecraft:cobblestone":102},"minecraft:crafted":{"minecraft:oak_planks":28,"minecraft:cooked_porkchop":19,"minecraft:crafting_table":1,"minecraft:spruce_planks":24,"minecraft:wooden_pickaxe":1,"minecraft:iron_helmet":1,"minecraft:furnace":1,"minecraft:bucket":1,"minecraft:stone_axe":1,"minecraft:air":0,"minecraft:iron_boots":1,"minecraft:iron_chestplate":1,"minecraft:iron_axe":1,"minecraft:stick":24,"minecraft:iron_ingot":68,"minecraft:iron_pickaxe":2,"minecraft:stone_pickaxe":1,"minecraft:wooden_axe":1,"minecraft:iron_leggings":1,"minecraft:white_bed":1,"minecraft:torch":16},"minecraft:used":{"minecraft:beetroot":1,"minecraft:water_bucket":7,"minecraft:diorite":2,"minecraft:stone_pickaxe":67,"minecraft:baked_potato":7,"minecraft:spruce_planks":1,"minecraft:wooden_pickaxe":8,"minecraft:torch":13,"minecraft:crafting_table":7,"minecraft:carrot":13,"minecraft:white_bed":1,"minecraft:wooden_axe":10,"minecraft:grass_block":11,"minecraft:iron_axe":36,"minecraft:iron_pickaxe":333,"minecraft:jungle_log":2,"minecraft:stone_axe":49,"minecraft:cobblestone":16,"minecraft:furnace":3,"minecraft:cooked_porkchop":3,"minecraft:bucket":8},"minecraft:killed":{"minecraft:pig":17,"minecraft:spider":1,"minecraft:creeper":1,"minecraft:sheep":8,"minecraft:skeleton":2,"minecraft:zombie":5,"minecraft:cow":3},"minecraft:mined":{"minecraft:diamond_ore":4,"minecraft:white_bed":1,"minecraft:glass_pane":1,"minecraft:jungle_leaves":4,"minecraft:crafting_table":7,"minecraft:jungle_log":2,"minecraft:cobblestone":1,"minecraft:spruce_leaves":5,"minecraft:diorite":2,"minecraft:wall_torch":3,"minecraft:redstone_ore":21,"minecraft:furnace":3,"minecraft:carrots":27,"minecraft:iron_ore":75,"minecraft:wheat":6,"minecraft:spruce_log":12,"minecraft:andesite":1,"minecraft:grass":3,"minecraft:oak_log":10,"minecraft:potatoes":14,"minecraft:coal_ore":201,"minecraft:beetroots":14,"minecraft:stone":97,"minecraft:gold_ore":1,"minecraft:oak_leaves":5},"minecraft:dropped":{"minecraft:stone_axe":2,"minecraft:wheat_seeds":3,"minecraft:rotten_flesh":1,"minecraft:grass_block":1,"minecraft:spruce_planks":1,"minecraft:wooden_axe":1,"minecraft:iron_axe":1,"minecraft:stone_pickaxe":1,"minecraft:wooden_pickaxe":1,"minecraft:string":1},"minecraft:broken":{"minecraft:iron_pickaxe":1},"minecraft:killed_by":{"minecraft:phantom":2},"minecraft:custom":{"minecraft:interact_with_furnace":35,"minecraft:mob_kills":37,"minecraft:interact_with_crafting_table":13,"minecraft:play_one_minute":345509,"minecraft:leave_game":43,"minecraft:time_since_death":171422,"minecraft:sleep_in_bed":2,"minecraft:climb_one_cm":4181,"minecraft:time_since_rest":80115,"minecraft:sprint_one_cm":97539,"minecraft:damage_taken":1856,"minecraft:walk_one_cm":149014,"minecraft:drop":13,"minecraft:damage_dealt":4580,"minecraft:swim_one_cm":435,"minecraft:talked_to_villager":1,"minecraft:fly_one_cm":132672,"minecraft:crouch_one_cm":23915,"minecraft:sneak_time":9225,"minecraft:deaths":2,"minecraft:walk_under_water_one_cm":233,"minecraft:jump":925,"minecraft:walk_on_water_one_cm":4818,"minecraft:fall_one_cm":27363}},"DataVersion":1631}