{"stats":{"minecraft:killed":{"minecraft:spider":3,"minecraft:skeleton":5,"minecraft:wolf":1,"minecraft:pig":19,"minecraft:creeper":4,"minecraft:sheep":12,"minecraft:zombie":9,"minecraft:wither_skeleton":3,"minecraft:blaze":5,"minecraft:cow":5},"minecraft:crafted":{"minecraft:oak_planks":432,"minecraft:furnace":1,"minecraft:bookshelf":42,"minecraft:iron_boots":1,"minecraft:iron_axe":2,"minecraft:stone_pickaxe":1,"minecraft:chest":8,"minecraft:diamond_boots":1,"minecraft:cooked_beef":8,"minecraft:wooden_shovel":12,"minecraft:cooked_porkchop":45,"minecraft:diamond_axe":1,"minecraft:crafting_table":2,"minecraft:spruce_planks":52,"minecraft:enchanting_table":1,"minecraft:wooden_pickaxe":1,"minecraft:iron_helmet":1,"minecraft:bucket":1,"minecraft:sign":3,"minecraft:stone_axe":1,"minecraft:air":0,"minecraft:iron_chestplate":1,"minecraft:book":85,"minecraft:diamond_pickaxe":1,"minecraft:stick":168,"minecraft:iron_pickaxe":2,"minecraft:iron_ingot":68,"minecraft:wooden_axe":2,"minecraft:iron_shovel":1,"minecraft:iron_leggings":1,"minecraft:white_bed":2,"minecraft:torch":16,"minecraft:lapis_lazuli":54,"minecraft:diamond_chestplate":1},"minecraft:custom":{"minecraft:mob_kills":66,"minecraft:animals_bred":1,"minecraft:interact_with_crafting_table":51,"minecraft:leave_game":51,"minecraft:time_since_death":157136,"minecraft:climb_one_cm":5217,"minecraft:sprint_one_cm":368991,"minecraft:walk_one_cm":308643,"minecraft:drop":38,"minecraft:talked_to_villager":1,"minecraft:deaths":4,"minecraft:sneak_time":13997,"minecraft:walk_under_water_one_cm":17069,"minecraft:jump":2913,"minecraft:walk_on_water_one_cm":24192,"minecraft:enchant_item":18,"minecraft:interact_with_furnace":62,"minecraft:play_one_minute":575244,"minecraft:sleep_in_bed":10,"minecraft:time_since_rest":4615,"minecraft:damage_taken":5650,"minecraft:damage_dealt":11387,"minecraft:swim_one_cm":4426,"minecraft:fly_one_cm":666412,"minecraft:player_kills":1,"minecraft:open_chest":60,"minecraft:crouch_one_cm":41068,"minecraft:fall_one_cm":80604},"minecraft:dropped":{"minecraft:wheat_seeds":4,"minecraft:cooked_porkchop":3,"minecraft:grass_block":1,"minecraft:dirt":2,"minecraft:wooden_axe":1,"minecraft:iron_axe":1,"minecraft:string":1,"minecraft:bone":4,"minecraft:stone_axe":2,"minecraft:beetroot":1,"minecraft:rotten_flesh":2,"minecraft:oak_planks":8,"minecraft:white_bed":1,"minecraft:carrot":38,"minecraft:flint_and_steel":1,"minecraft:gunpowder":2,"minecraft:spruce_planks":8,"minecraft:beetroot_seeds":5,"minecraft:wooden_shovel":4,"minecraft:wooden_pickaxe":1,"minecraft:stone_pickaxe":1,"minecraft:netherrack":1},"minecraft:mined":{"minecraft:diamond_ore":4,"minecraft:white_bed":3,"minecraft:jungle_leaves":4,"minecraft:grass_block":70,"minecraft:jungle_log":2,"minecraft:spruce_leaves":10,"minecraft:nether_wart":32,"minecraft:spawner":2,"minecraft:redstone_ore":21,"minecraft:furnace":3,"minecraft:carrots":28,"minecraft:iron_ore":80,"minecraft:andesite":1,"minecraft:enchanting_table":2,"minecraft:potatoes":14,"minecraft:stone":97,"minecraft:glass_pane":1,"minecraft:soul_sand":20,"minecraft:crafting_table":7,"minecraft:poppy":2,"minecraft:chest":2,"minecraft:cobblestone":4,"minecraft:diorite":2,"minecraft:wall_torch":3,"minecraft:wheat":6,"minecraft:spruce_log":12,"minecraft:birch_leaves":1,"minecraft:tnt":1,"minecraft:grass_path":1,"minecraft:grass":181,"minecraft:oak_log":15,"minecraft:coal_ore":201,"minecraft:beetroots":14,"minecraft:sand":10,"minecraft:dirt":33,"minecraft:netherrack":1,"minecraft:gold_ore":1,"minecraft:oak_leaves":12},"minecraft:killed_by":{"minecraft:wither_skeleton":2,"minecraft:phantom":2},"minecraft:picked_up":{"minecraft:crafting_table":7,"minecraft:wheat":5,"minecraft:nether_wart":40,"minecraft:string":3,"minecraft:iron_axe":1,"minecraft:beetroot":11,"minecraft:spruce_planks":33,"minecraft:beef":12,"minecraft:wooden_shovel":2,"minecraft:poppy":5,"minecraft:chest":2,"minecraft:furnace":3,"minecraft:stick":40,"minecraft:torch":8,"minecraft:porkchop":39,"minecraft:diorite":2,"minecraft:carrot":65,"minecraft:redstone":95,"minecraft:tnt":1,"minecraft:arrow":5,"minecraft:rotten_flesh":5,"minecraft:beetroot_seeds":31,"minecraft:peony":2,"minecraft:blaze_rod":1,"minecraft:mutton":15,"minecraft:white_wool":10,"minecraft:cobblestone":105,"minecraft:enchanting_table":2,"minecraft:andesite":1,"minecraft:jungle_log":2,"minecraft:leather":7,"minecraft:potato":20,"minecraft:oak_log":14,"minecraft:gunpowder":3,"minecraft:dirt":128,"minecraft:bone":5,"minecraft:wheat_seeds":32,"minecraft:iron_ore":80,"minecraft:oak_planks":56,"minecraft:soul_sand":20,"minecraft:sand":10,"minecraft:white_bed":3,"minecraft:spruce_log":12,"minecraft:gold_ore":1,"minecraft:spider_eye":1,"minecraft:diamond":4,"minecraft:stone_axe":1,"minecraft:oak_sapling":5,"minecraft:coal":330},"minecraft:used":{"minecraft:beetroot":1,"minecraft:enchanting_table":3,"minecraft:iron_shovel":103,"minecraft:flint_and_steel":1,"minecraft:chest":6,"minecraft:spruce_planks":1,"minecraft:netherrack":4,"minecraft:torch":19,"minecraft:dirt":126,"minecraft:carrot":13,"minecraft:obsidian":14,"minecraft:wooden_axe":10,"minecraft:bookshelf":17,"minecraft:iron_axe":154,"minecraft:grass_block":17,"minecraft:jungle_log":2,"minecraft:furnace":4,"minecraft:cooked_beef":3,"minecraft:emerald_ore":1,"minecraft:water_bucket":45,"minecraft:diorite":2,"minecraft:birch_leaves":4,"minecraft:stone_pickaxe":67,"minecraft:baked_potato":38,"minecraft:oak_planks":17,"minecraft:wooden_pickaxe":8,"minecraft:gold_ore":1,"minecraft:white_wool":1,"minecraft:tnt":1,"minecraft:crafting_table":9,"minecraft:white_bed":4,"minecraft:iron_pickaxe":346,"minecraft:sign":3,"minecraft:stone_axe":49,"minecraft:cobblestone":81,"minecraft:cooked_porkchop":14,"minecraft:andesite":1,"minecraft:bucket":46},"minecraft:broken":{"minecraft:iron_pickaxe":1}},"DataVersion":1631}