{"stats":{"minecraft:killed":{"minecraft:pig":9,"minecraft:spider":1,"minecraft:creeper":1,"minecraft:sheep":6,"minecraft:skeleton":2,"minecraft:zombie":3,"minecraft:cow":2},"minecraft:crafted":{"minecraft:oak_planks":28,"minecraft:cooked_porkchop":19,"minecraft:crafting_table":1,"minecraft:spruce_planks":24,"minecraft:wooden_pickaxe":1,"minecraft:furnace":1,"minecraft:stone_axe":1,"minecraft:air":0,"minecraft:iron_boots":1,"minecraft:iron_chestplate":1,"minecraft:iron_axe":1,"minecraft:stick":24,"minecraft:iron_ingot":20,"minecraft:iron_pickaxe":1,"minecraft:stone_pickaxe":1,"minecraft:wooden_axe":1,"minecraft:torch":16},"minecraft:dropped":{"minecraft:stone_axe":2,"minecraft:wheat_seeds":3,"minecraft:rotten_flesh":1,"minecraft:grass_block":1,"minecraft:spruce_planks":1,"minecraft:wooden_axe":1,"minecraft:stone_pickaxe":1,"minecraft:wooden_pickaxe":1,"minecraft:string":1},"minecraft:mined":{"minecraft:glass_pane":1,"minecraft:jungle_leaves":4,"minecraft:crafting_table":4,"minecraft:jungle_log":2,"minecraft:spruce_leaves":5,"minecraft:diorite":2,"minecraft:wall_torch":2,"minecraft:furnace":1,"minecraft:carrots":27,"minecraft:iron_ore":45,"minecraft:wheat":6,"minecraft:spruce_log":12,"minecraft:andesite":1,"minecraft:grass":3,"minecraft:oak_log":8,"minecraft:potatoes":14,"minecraft:coal_ore":138,"minecraft:beetroots":14,"minecraft:stone":27,"minecraft:oak_leaves":4},"minecraft:picked_up":{"minecraft:crafting_table":4,"minecraft:wheat":5,"minecraft:andesite":1,"minecraft:jungle_log":2,"minecraft:leather":3,"minecraft:potato":20,"minecraft:oak_log":7,"minecraft:gunpowder":2,"minecraft:string":1,"minecraft:bone":1,"minecraft:beetroot":11,"minecraft:wheat_seeds":12,"minecraft:beef":2,"minecraft:iron_ore":45,"minecraft:furnace":1,"minecraft:torch":3,"minecraft:porkchop":19,"minecraft:diorite":2,"minecraft:spruce_log":12,"minecraft:carrot":63,"minecraft:arrow":4,"minecraft:rotten_flesh":1,"minecraft:beetroot_seeds":26,"minecraft:stone_axe":1,"minecraft:mutton":7,"minecraft:coal":142,"minecraft:white_wool":6,"minecraft:cobblestone":30},"minecraft:killed_by":{"minecraft:phantom":2},"minecraft:custom":{"minecraft:interact_with_furnace":23,"minecraft:mob_kills":24,"minecraft:interact_with_crafting_table":7,"minecraft:play_one_minute":254164,"minecraft:leave_game":41,"minecraft:time_since_death":80077,"minecraft:climb_one_cm":4181,"minecraft:time_since_rest":81043,"minecraft:sprint_one_cm":72196,"minecraft:damage_taken":1789,"minecraft:walk_one_cm":101929,"minecraft:drop":12,"minecraft:damage_dealt":3133,"minecraft:swim_one_cm":435,"minecraft:talked_to_villager":1,"minecraft:fly_one_cm":104052,"minecraft:crouch_one_cm":15483,"minecraft:deaths":2,"minecraft:sneak_time":6411,"minecraft:walk_under_water_one_cm":53,"minecraft:jump":656,"minecraft:walk_on_water_one_cm":687,"minecraft:fall_one_cm":23034},"minecraft:used":{"minecraft:beetroot":1,"minecraft:stone_pickaxe":67,"minecraft:baked_potato":5,"minecraft:spruce_planks":1,"minecraft:wooden_pickaxe":8,"minecraft:torch":6,"minecraft:crafting_table":5,"minecraft:carrot":13,"minecraft:wooden_axe":10,"minecraft:iron_axe":7,"minecraft:grass_block":11,"minecraft:iron_pickaxe":140,"minecraft:jungle_log":2,"minecraft:stone_axe":49,"minecraft:cobblestone":1,"minecraft:furnace":2,"minecraft:cooked_porkchop":2}},"DataVersion":1631}