{"stats":{"minecraft:picked_up":{"minecraft:wheat":5,"minecraft:beetroot":9,"minecraft:jungle_log":2,"minecraft:beetroot_seeds":21,"minecraft:wheat_seeds":12,"minecraft:potato":20,"minecraft:carrot":13},"minecraft:used":{"minecraft:grass_block":11,"minecraft:jungle_log":2,"minecraft:spruce_planks":1},"minecraft:dropped":{"minecraft:wheat_seeds":3,"minecraft:spruce_planks":1,"minecraft:grass_block":1},"minecraft:custom":{"minecraft:time_since_rest":57372,"minecraft:play_one_minute":146790,"minecraft:crouch_one_cm":3054,"minecraft:sprint_one_cm":16276,"minecraft:damage_taken":460,"minecraft:walk_one_cm":27635,"minecraft:deaths":1,"minecraft:sneak_time":858,"minecraft:drop":5,"minecraft:jump":187,"minecraft:leave_game":36,"minecraft:time_since_death":57332,"minecraft:climb_one_cm":2591,"minecraft:talked_to_villager":1,"minecraft:fall_one_cm":7319,"minecraft:fly_one_cm":38863},"minecraft:mined":{"minecraft:grass":2,"minecraft:potatoes":14,"minecraft:beetroots":12,"minecraft:jungle_log":2,"minecraft:carrots":5,"minecraft:wheat":6,"minecraft:spruce_leaves":1,"minecraft:jungle_leaves":4,"minecraft:oak_leaves":2},"minecraft:killed_by":{"minecraft:phantom":1}},"DataVersion":1631}