{"stats":{"minecraft:killed":{"minecraft:pig":9,"minecraft:spider":1,"minecraft:creeper":1,"minecraft:sheep":6,"minecraft:skeleton":1,"minecraft:zombie":3,"minecraft:cow":2},"minecraft:crafted":{"minecraft:oak_planks":28,"minecraft:cooked_porkchop":19,"minecraft:crafting_table":1,"minecraft:spruce_planks":24,"minecraft:wooden_pickaxe":1,"minecraft:furnace":1,"minecraft:stone_axe":1,"minecraft:air":0,"minecraft:iron_axe":1,"minecraft:stick":24,"minecraft:iron_ingot":20,"minecraft:iron_pickaxe":1,"minecraft:stone_pickaxe":1,"minecraft:wooden_axe":1,"minecraft:torch":16},"minecraft:dropped":{"minecraft:stone_axe":2,"minecraft:wheat_seeds":3,"minecraft:rotten_flesh":1,"minecraft:grass_block":1,"minecraft:spruce_planks":1,"minecraft:wooden_axe":1,"minecraft:stone_pickaxe":1,"minecraft:wooden_pickaxe":1,"minecraft:string":1},"minecraft:mined":{"minecraft:glass_pane":1,"minecraft:jungle_leaves":4,"minecraft:crafting_table":3,"minecraft:jungle_log":2,"minecraft:spruce_leaves":5,"minecraft:wall_torch":2,"minecraft:furnace":1,"minecraft:carrots":27,"minecraft:iron_ore":20,"minecraft:wheat":6,"minecraft:spruce_log":12,"minecraft:grass":3,"minecraft:oak_log":8,"minecraft:potatoes":14,"minecraft:coal_ore":64,"minecraft:beetroots":14,"minecraft:stone":21,"minecraft:oak_leaves":4},"minecraft:picked_up":{"minecraft:crafting_table":3,"minecraft:wheat":5,"minecraft:jungle_log":2,"minecraft:leather":3,"minecraft:potato":20,"minecraft:oak_log":7,"minecraft:gunpowder":2,"minecraft:string":1,"minecraft:beetroot":11,"minecraft:wheat_seeds":12,"minecraft:beef":2,"minecraft:iron_ore":20,"minecraft:furnace":1,"minecraft:torch":3,"minecraft:porkchop":19,"minecraft:spruce_log":12,"minecraft:carrot":63,"minecraft:arrow":2,"minecraft:rotten_flesh":1,"minecraft:beetroot_seeds":26,"minecraft:stone_axe":1,"minecraft:mutton":7,"minecraft:coal":56,"minecraft:white_wool":6,"minecraft:cobblestone":21},"minecraft:killed_by":{"minecraft:phantom":2},"minecraft:custom":{"minecraft:interact_with_furnace":20,"minecraft:mob_kills":23,"minecraft:interact_with_crafting_table":5,"minecraft:play_one_minute":242164,"minecraft:leave_game":41,"minecraft:time_since_death":68077,"minecraft:climb_one_cm":4181,"minecraft:time_since_rest":69043,"minecraft:sprint_one_cm":65021,"minecraft:damage_taken":1604,"minecraft:walk_one_cm":88325,"minecraft:drop":12,"minecraft:damage_dealt":2942,"minecraft:talked_to_villager":1,"minecraft:fly_one_cm":95854,"minecraft:crouch_one_cm":12795,"minecraft:deaths":2,"minecraft:sneak_time":5216,"minecraft:jump":586,"minecraft:walk_on_water_one_cm":194,"minecraft:fall_one_cm":21144},"minecraft:used":{"minecraft:beetroot":1,"minecraft:stone_pickaxe":67,"minecraft:baked_potato":5,"minecraft:spruce_planks":1,"minecraft:wooden_pickaxe":8,"minecraft:torch":4,"minecraft:crafting_table":3,"minecraft:carrot":13,"minecraft:wooden_axe":10,"minecraft:iron_axe":3,"minecraft:grass_block":11,"minecraft:iron_pickaxe":32,"minecraft:jungle_log":2,"minecraft:stone_axe":49,"minecraft:cobblestone":1,"minecraft:furnace":1}},"DataVersion":1631}