{"stats":{"minecraft:picked_up":{"minecraft:wheat":5,"minecraft:beetroot":9,"minecraft:jungle_log":2,"minecraft:beetroot_seeds":21,"minecraft:wheat_seeds":12,"minecraft:potato":20,"minecraft:carrot":13},"minecraft:used":{"minecraft:jungle_log":2},"minecraft:dropped":{"minecraft:wheat_seeds":3},"minecraft:custom":{"minecraft:time_since_rest":52098,"minecraft:crouch_one_cm":2790,"minecraft:play_one_minute":141516,"minecraft:sprint_one_cm":13595,"minecraft:deaths":1,"minecraft:damage_taken":460,"minecraft:walk_one_cm":23197,"minecraft:sneak_time":783,"minecraft:drop":3,"minecraft:jump":159,"minecraft:leave_game":34,"minecraft:time_since_death":52058,"minecraft:climb_one_cm":2043,"minecraft:talked_to_villager":1,"minecraft:fall_one_cm":6841,"minecraft:fly_one_cm":22266},"minecraft:mined":{"minecraft:grass":2,"minecraft:potatoes":14,"minecraft:beetroots":12,"minecraft:jungle_log":2,"minecraft:carrots":5,"minecraft:wheat":6,"minecraft:spruce_leaves":1,"minecraft:jungle_leaves":4,"minecraft:oak_leaves":2},"minecraft:killed_by":{"minecraft:phantom":1}},"DataVersion":1631}