{"stats":{"minecraft:killed":{"minecraft:skeleton":1},"minecraft:crafted":{"minecraft:crafting_table":1,"minecraft:spruce_planks":24,"minecraft:stick":12,"minecraft:wooden_pickaxe":1,"minecraft:stone_pickaxe":1,"minecraft:wooden_axe":1,"minecraft:stone_axe":1},"minecraft:dropped":{"minecraft:wheat_seeds":3,"minecraft:spruce_planks":1,"minecraft:wooden_axe":1,"minecraft:wooden_pickaxe":1,"minecraft:grass_block":1},"minecraft:mined":{"minecraft:glass_pane":1,"minecraft:carrots":27,"minecraft:iron_ore":20,"minecraft:wheat":6,"minecraft:jungle_leaves":4,"minecraft:spruce_log":12,"minecraft:crafting_table":2,"minecraft:grass":2,"minecraft:potatoes":14,"minecraft:beetroots":14,"minecraft:jungle_log":2,"minecraft:spruce_leaves":3,"minecraft:stone":15,"minecraft:oak_leaves":2},"minecraft:picked_up":{"minecraft:crafting_table":2,"minecraft:wheat":5,"minecraft:jungle_log":2,"minecraft:potato":20,"minecraft:carrot":63,"minecraft:spruce_log":12,"minecraft:arrow":2,"minecraft:beetroot":11,"minecraft:beetroot_seeds":26,"minecraft:wheat_seeds":12,"minecraft:iron_ore":20,"minecraft:cobblestone":15},"minecraft:killed_by":{"minecraft:phantom":2},"minecraft:used":{"minecraft:wooden_axe":10,"minecraft:grass_block":11,"minecraft:stone_pickaxe":27,"minecraft:jungle_log":2,"minecraft:spruce_planks":1,"minecraft:wooden_pickaxe":8,"minecraft:stone_axe":1,"minecraft:crafting_table":2,"minecraft:carrot":11},"minecraft:custom":{"minecraft:time_since_rest":42126,"minecraft:sprint_one_cm":33804,"minecraft:damage_taken":1359,"minecraft:walk_one_cm":61231,"minecraft:mob_kills":1,"minecraft:drop":7,"minecraft:damage_dealt":280,"minecraft:interact_with_crafting_table":2,"minecraft:talked_to_villager":1,"minecraft:fly_one_cm":56560,"minecraft:crouch_one_cm":6272,"minecraft:play_one_minute":215247,"minecraft:deaths":2,"minecraft:sneak_time":2299,"minecraft:jump":341,"minecraft:leave_game":41,"minecraft:walk_on_water_one_cm":194,"minecraft:time_since_death":41160,"minecraft:climb_one_cm":4181,"minecraft:fall_one_cm":14038}},"DataVersion":1631}