{"stats":{"minecraft:dropped":{"minecraft:wheat_seeds":2},"minecraft:killed_by":{"minecraft:phantom":1},"minecraft:used":{"minecraft:jungle_log":2},"minecraft:picked_up":{"minecraft:jungle_log":2,"minecraft:wheat_seeds":2},"minecraft:mined":{"minecraft:grass":2,"minecraft:jungle_leaves":3,"minecraft:jungle_log":2},"minecraft:custom":{"minecraft:jump":41,"minecraft:time_since_rest":3100,"minecraft:deaths":1,"minecraft:play_one_minute":92518,"minecraft:crouch_one_cm":1697,"minecraft:damage_taken":360,"minecraft:leave_game":30,"minecraft:sprint_one_cm":1057,"minecraft:time_since_death":3060,"minecraft:walk_one_cm":9895,"minecraft:sneak_time":388,"minecraft:climb_one_cm":593,"minecraft:drop":2,"minecraft:fall_one_cm":1683,"minecraft:fly_one_cm":4984}},"DataVersion":1631}