{"stats":{"minecraft:mined":{"minecraft:grass":2,"minecraft:potatoes":14,"minecraft:beetroots":14,"minecraft:jungle_log":2,"minecraft:carrots":27,"minecraft:wheat":6,"minecraft:spruce_leaves":1,"minecraft:jungle_leaves":4,"minecraft:oak_leaves":2},"minecraft:picked_up":{"minecraft:wheat":5,"minecraft:beetroot":11,"minecraft:jungle_log":2,"minecraft:beetroot_seeds":26,"minecraft:wheat_seeds":12,"minecraft:potato":20,"minecraft:carrot":63},"minecraft:used":{"minecraft:grass_block":11,"minecraft:carrot":5,"minecraft:jungle_log":2,"minecraft:spruce_planks":1},"minecraft:killed_by":{"minecraft:phantom":2},"minecraft:custom":{"minecraft:time_since_rest":9078,"minecraft:play_one_minute":182199,"minecraft:crouch_one_cm":4534,"minecraft:sprint_one_cm":28490,"minecraft:damage_taken":930,"minecraft:walk_one_cm":42464,"minecraft:deaths":2,"minecraft:sneak_time":1301,"minecraft:drop":5,"minecraft:jump":259,"minecraft:damage_dealt":10,"minecraft:leave_game":37,"minecraft:time_since_death":8112,"minecraft:walk_on_water_one_cm":194,"minecraft:climb_one_cm":2591,"minecraft:talked_to_villager":1,"minecraft:fall_one_cm":11612,"minecraft:fly_one_cm":49965},"minecraft:dropped":{"minecraft:wheat_seeds":3,"minecraft:spruce_planks":1,"minecraft:grass_block":1}},"DataVersion":1631}