{"stats":{"minecraft:picked_up":{"minecraft:crafting_table":13,"minecraft:chicken":2,"minecraft:brown_mushroom":2,"minecraft:wooden_pickaxe":1,"minecraft:string":9,"minecraft:iron_leggings":1,"minecraft:white_carpet":5,"minecraft:spruce_planks":83,"minecraft:beef":22,"minecraft:iron_pickaxe":2,"minecraft:light_gray_wool":1,"minecraft:sugar_cane":41,"minecraft:phantom_membrane":1,"minecraft:furnace":13,"minecraft:torch":5,"minecraft:porkchop":33,"minecraft:diorite":41,"minecraft:redstone":163,"minecraft:blue_carpet":6,"minecraft:arrow":16,"minecraft:rotten_flesh":15,"minecraft:carved_pumpkin":1,"minecraft:mutton":59,"minecraft:white_wool":36,"minecraft:cobblestone":896,"minecraft:feather":2,"minecraft:cooked_beef":5,"minecraft:andesite":105,"minecraft:leather":14,"minecraft:oak_log":21,"minecraft:gunpowder":3,"minecraft:paper":36,"minecraft:lapis_lazuli":116,"minecraft:dirt":110,"minecraft:cooked_mutton":10,"minecraft:bone":14,"minecraft:bow":3,"minecraft:wheat_seeds":1,"minecraft:iron_ingot":20,"minecraft:iron_ore":164,"minecraft:oak_planks":8,"minecraft:pumpkin":3,"minecraft:spruce_sapling":1,"minecraft:white_bed":3,"minecraft:spruce_log":7,"minecraft:gold_ore":17,"minecraft:spider_eye":2,"minecraft:pumpkin_seeds":4,"minecraft:diamond":18,"minecraft:chainmail_leggings":1,"minecraft:granite":29,"minecraft:gray_wool":2,"minecraft:emerald":2,"minecraft:oak_sapling":1,"minecraft:coal":414,"minecraft:black_wool":1},"minecraft:used":{"minecraft:flint_and_steel":6,"minecraft:carved_pumpkin":1,"minecraft:chest":1,"minecraft:spruce_planks":10,"minecraft:iron_sword":118,"minecraft:rotten_flesh":2,"minecraft:torch":65,"minecraft:dirt":75,"minecraft:white_carpet":11,"minecraft:granite":5,"minecraft:iron_axe":176,"minecraft:written_book":4,"minecraft:oak_sapling":2,"minecraft:furnace":12,"minecraft:cooked_beef":14,"minecraft:pumpkin":1,"minecraft:cooked_mutton":23,"minecraft:water_bucket":2,"minecraft:diorite":10,"minecraft:iron_ore":1,"minecraft:spruce_door":3,"minecraft:stone_pickaxe":504,"minecraft:oak_planks":2,"minecraft:wooden_pickaxe":111,"minecraft:crafting_table":11,"minecraft:white_bed":3,"minecraft:black_wool":1,"minecraft:string":1,"minecraft:iron_pickaxe":759,"minecraft:spruce_sapling":1,"minecraft:stone_axe":83,"minecraft:blue_carpet":12,"minecraft:cobblestone":104,"minecraft:cooked_porkchop":11,"minecraft:andesite":14,"minecraft:bucket":3},"minecraft:crafted":{"minecraft:oak_planks":92,"minecraft:furnace":5,"minecraft:white_carpet":6,"minecraft:cooked_mutton":56,"minecraft:flint_and_steel":1,"minecraft:iron_boots":2,"minecraft:iron_axe":2,"minecraft:stone_pickaxe":4,"minecraft:chest":1,"minecraft:golden_helmet":1,"minecraft:cooked_beef":13,"minecraft:sugar":1,"minecraft:cooked_porkchop":25,"minecraft:crafting_table":5,"minecraft:spruce_planks":52,"minecraft:wooden_pickaxe":3,"minecraft:iron_helmet":1,"minecraft:iron_sword":1,"minecraft:spruce_door":3,"minecraft:bucket":1,"minecraft:stone_axe":2,"minecraft:air":0,"minecraft:iron_chestplate":2,"minecraft:paper":18,"minecraft:shield":1,"minecraft:stick":88,"minecraft:iron_ingot":171,"minecraft:iron_pickaxe":4,"minecraft:blue_wool":5,"minecraft:iron_leggings":2,"minecraft:gold_ingot":17,"minecraft:white_bed":2,"minecraft:torch":140,"minecraft:shears":1,"minecraft:diamond_chestplate":1,"minecraft:blue_carpet":6},"minecraft:killed":{"minecraft:spider":5,"minecraft:phantom":1,"minecraft:skeleton":13,"minecraft:chicken":1,"minecraft:silverfish":1,"minecraft:wolf":2,"minecraft:pig":30,"minecraft:creeper":2,"minecraft:sheep":36,"minecraft:zombie":15,"minecraft:cow":13},"minecraft:mined":{"minecraft:blue_carpet":6,"minecraft:diamond_ore":18,"minecraft:spruce_planks":7,"minecraft:white_bed":3,"minecraft:carved_pumpkin":1,"minecraft:granite":32,"minecraft:grass_block":39,"minecraft:spruce_fence":1,"minecraft:spruce_leaves":13,"minecraft:redstone_ore":37,"minecraft:furnace":10,"minecraft:iron_ore":154,"minecraft:andesite":101,"minecraft:pumpkin":2,"minecraft:stone":777,"minecraft:brown_mushroom":2,"minecraft:glass_pane":5,"minecraft:crafting_table":11,"minecraft:torch":1,"minecraft:emerald_ore":2,"minecraft:poppy":1,"minecraft:cobblestone":19,"minecraft:lapis_ore":9,"minecraft:sugar_cane":17,"minecraft:diorite":33,"minecraft:wall_torch":3,"minecraft:white_carpet":5,"minecraft:spruce_log":18,"minecraft:birch_leaves":1,"minecraft:grass":24,"minecraft:oak_log":25,"minecraft:coal_ore":135,"minecraft:dirt":24,"minecraft:gold_ore":15,"minecraft:oak_leaves":51,"minecraft:infested_stone":7,"minecraft:fern":5},"minecraft:dropped":{"minecraft:iron_ingot":20,"minecraft:brown_mushroom":2,"minecraft:cooked_beef":1,"minecraft:diamond":1,"minecraft:feather":1,"minecraft:cobblestone":625,"minecraft:leather":6,"minecraft:granite":24,"minecraft:dirt":10,"minecraft:diorite":31,"minecraft:torch":33,"minecraft:iron_pickaxe":1,"minecraft:paper":36,"minecraft:string":5,"minecraft:white_wool":16,"minecraft:sugar_cane":1,"minecraft:chicken":1,"minecraft:rotten_flesh":11,"minecraft:light_gray_wool":1,"minecraft:cooked_mutton":10,"minecraft:pumpkin_seeds":4,"minecraft:spruce_planks":48,"minecraft:andesite":93,"minecraft:spider_eye":1,"minecraft:written_book":1},"minecraft:broken":{"minecraft:wooden_pickaxe":1,"minecraft:stone_pickaxe":3,"minecraft:iron_axe":1,"minecraft:iron_pickaxe":3},"minecraft:killed_by":{"minecraft:creeper":1,"minecraft:spider":1,"minecraft:enderman":2,"minecraft:cave_spider":1,"minecraft:skeleton":4,"minecraft:zombie":1},"minecraft:custom":{"minecraft:mob_kills":120,"minecraft:interact_with_crafting_table":65,"minecraft:leave_game":8,"minecraft:time_since_death":4866,"minecraft:climb_one_cm":1530,"minecraft:sprint_one_cm":386703,"minecraft:walk_one_cm":1274455,"minecraft:damage_blocked_by_shield":2920,"minecraft:drop":71,"minecraft:damage_dealt_absorbed":59,"minecraft:talked_to_villager":11,"minecraft:deaths":10,"minecraft:sneak_time":2626,"minecraft:walk_under_water_one_cm":8585,"minecraft:jump":4567,"minecraft:walk_on_water_one_cm":51050,"minecraft:interact_with_furnace":125,"minecraft:play_one_minute":324365,"minecraft:sleep_in_bed":3,"minecraft:time_since_rest":4897,"minecraft:damage_taken":6229,"minecraft:damage_dealt":17114,"minecraft:player_kills":1,"minecraft:fly_one_cm":567968,"minecraft:open_chest":16,"minecraft:crouch_one_cm":2978,"minecraft:fall_one_cm":123695}},"DataVersion":1631}