{"stats":{"minecraft:killed":{"minecraft:wolf":1,"minecraft:pig":9,"minecraft:spider":1,"minecraft:sheep":11,"minecraft:skeleton":5,"minecraft:zombie":8,"minecraft:chicken":1,"minecraft:cow":4},"minecraft:crafted":{"minecraft:cooked_beef":8,"minecraft:oak_planks":68,"minecraft:cooked_porkchop":7,"minecraft:crafting_table":3,"minecraft:spruce_planks":24,"minecraft:wooden_pickaxe":3,"minecraft:iron_helmet":1,"minecraft:furnace":3,"minecraft:stone_axe":2,"minecraft:cooked_mutton":26,"minecraft:air":0,"minecraft:iron_boots":1,"minecraft:iron_chestplate":1,"minecraft:iron_axe":2,"minecraft:stick":36,"minecraft:iron_ingot":57,"minecraft:iron_pickaxe":1,"minecraft:stone_pickaxe":2,"minecraft:iron_leggings":1,"minecraft:white_bed":1,"minecraft:torch":56},"minecraft:mined":{"minecraft:white_bed":1,"minecraft:crafting_table":5,"minecraft:torch":1,"minecraft:granite":8,"minecraft:grass_block":6,"minecraft:spruce_fence":1,"minecraft:cobblestone":9,"minecraft:spruce_leaves":3,"minecraft:diorite":5,"minecraft:wall_torch":1,"minecraft:furnace":4,"minecraft:iron_ore":74,"minecraft:spruce_log":5,"minecraft:andesite":10,"minecraft:birch_leaves":1,"minecraft:grass":7,"minecraft:oak_log":19,"minecraft:coal_ore":108,"minecraft:dirt":7,"minecraft:stone":187,"minecraft:oak_leaves":41,"minecraft:fern":3},"minecraft:broken":{"minecraft:stone_pickaxe":1},"minecraft:picked_up":{"minecraft:crafting_table":5,"minecraft:feather":2,"minecraft:chicken":2,"minecraft:andesite":10,"minecraft:leather":2,"minecraft:wooden_pickaxe":1,"minecraft:oak_log":15,"minecraft:string":1,"minecraft:dirt":52,"minecraft:bone":1,"minecraft:bow":1,"minecraft:wheat_seeds":1,"minecraft:spruce_planks":12,"minecraft:beef":6,"minecraft:iron_ore":76,"minecraft:oak_planks":8,"minecraft:furnace":5,"minecraft:torch":2,"minecraft:porkchop":15,"minecraft:spruce_sapling":1,"minecraft:diorite":5,"minecraft:white_bed":1,"minecraft:rotten_flesh":3,"minecraft:chainmail_leggings":1,"minecraft:granite":5,"minecraft:gray_wool":2,"minecraft:oak_sapling":1,"minecraft:mutton":19,"minecraft:coal":183,"minecraft:white_wool":7,"minecraft:cobblestone":192},"minecraft:killed_by":{"minecraft:cave_spider":1,"minecraft:skeleton":4,"minecraft:creeper":1,"minecraft:spider":1,"minecraft:enderman":1},"minecraft:custom":{"minecraft:interact_with_furnace":37,"minecraft:mob_kills":40,"minecraft:interact_with_crafting_table":19,"minecraft:play_one_minute":99555,"minecraft:leave_game":1,"minecraft:time_since_death":22356,"minecraft:sleep_in_bed":1,"minecraft:time_since_rest":22397,"minecraft:sprint_one_cm":92362,"minecraft:damage_taken":2805,"minecraft:walk_one_cm":399658,"minecraft:damage_dealt":6232,"minecraft:damage_dealt_absorbed":1,"minecraft:talked_to_villager":1,"minecraft:fly_one_cm":117218,"minecraft:crouch_one_cm":920,"minecraft:deaths":8,"minecraft:sneak_time":675,"minecraft:walk_under_water_one_cm":628,"minecraft:jump":1125,"minecraft:walk_on_water_one_cm":4896,"minecraft:fall_one_cm":28019},"minecraft:used":{"minecraft:cooked_mutton":2,"minecraft:diorite":5,"minecraft:iron_ore":1,"minecraft:stone_pickaxe":238,"minecraft:oak_planks":2,"minecraft:wooden_pickaxe":64,"minecraft:rotten_flesh":1,"minecraft:torch":11,"minecraft:dirt":47,"minecraft:crafting_table":4,"minecraft:white_bed":1,"minecraft:granite":5,"minecraft:iron_axe":16,"minecraft:iron_pickaxe":117,"minecraft:spruce_sapling":1,"minecraft:stone_axe":83,"minecraft:cobblestone":14,"minecraft:furnace":4,"minecraft:oak_sapling":2,"minecraft:andesite":10,"minecraft:cooked_beef":6}},"DataVersion":1631}