{"stats":{"minecraft:killed":{"minecraft:wolf":1,"minecraft:pig":9,"minecraft:spider":1,"minecraft:sheep":11,"minecraft:skeleton":5,"minecraft:zombie":8,"minecraft:chicken":1,"minecraft:cow":4},"minecraft:crafted":{"minecraft:cooked_beef":6,"minecraft:oak_planks":68,"minecraft:cooked_porkchop":7,"minecraft:crafting_table":3,"minecraft:spruce_planks":24,"minecraft:wooden_pickaxe":3,"minecraft:iron_helmet":1,"minecraft:furnace":2,"minecraft:stone_axe":2,"minecraft:cooked_mutton":26,"minecraft:air":0,"minecraft:iron_boots":1,"minecraft:iron_chestplate":1,"minecraft:iron_axe":1,"minecraft:stick":28,"minecraft:iron_ingot":51,"minecraft:stone_pickaxe":2,"minecraft:iron_leggings":1,"minecraft:white_bed":1,"minecraft:torch":40},"minecraft:mined":{"minecraft:white_bed":1,"minecraft:crafting_table":4,"minecraft:grass_block":4,"minecraft:spruce_fence":1,"minecraft:cobblestone":9,"minecraft:spruce_leaves":3,"minecraft:wall_torch":1,"minecraft:furnace":3,"minecraft:iron_ore":58,"minecraft:spruce_log":5,"minecraft:birch_leaves":1,"minecraft:grass":6,"minecraft:oak_log":19,"minecraft:coal_ore":75,"minecraft:dirt":5,"minecraft:stone":90,"minecraft:oak_leaves":41,"minecraft:fern":3},"minecraft:picked_up":{"minecraft:crafting_table":4,"minecraft:feather":2,"minecraft:chicken":2,"minecraft:leather":2,"minecraft:wooden_pickaxe":1,"minecraft:oak_log":15,"minecraft:string":1,"minecraft:dirt":48,"minecraft:bone":1,"minecraft:bow":1,"minecraft:wheat_seeds":1,"minecraft:spruce_planks":12,"minecraft:beef":6,"minecraft:iron_ore":60,"minecraft:oak_planks":8,"minecraft:furnace":4,"minecraft:torch":1,"minecraft:porkchop":15,"minecraft:spruce_sapling":1,"minecraft:white_bed":1,"minecraft:rotten_flesh":3,"minecraft:chainmail_leggings":1,"minecraft:gray_wool":2,"minecraft:oak_sapling":1,"minecraft:mutton":19,"minecraft:coal":89,"minecraft:white_wool":7,"minecraft:cobblestone":98},"minecraft:killed_by":{"minecraft:cave_spider":1,"minecraft:skeleton":4,"minecraft:creeper":1,"minecraft:spider":1,"minecraft:enderman":1},"minecraft:custom":{"minecraft:interact_with_furnace":31,"minecraft:mob_kills":40,"minecraft:interact_with_crafting_table":16,"minecraft:play_one_minute":86190,"minecraft:leave_game":1,"minecraft:time_since_death":8991,"minecraft:sleep_in_bed":1,"minecraft:time_since_rest":9032,"minecraft:sprint_one_cm":87567,"minecraft:damage_taken":2760,"minecraft:walk_one_cm":355019,"minecraft:damage_dealt":6232,"minecraft:damage_dealt_absorbed":1,"minecraft:talked_to_villager":1,"minecraft:fly_one_cm":108334,"minecraft:crouch_one_cm":516,"minecraft:deaths":8,"minecraft:sneak_time":239,"minecraft:walk_under_water_one_cm":628,"minecraft:jump":1022,"minecraft:walk_on_water_one_cm":4896,"minecraft:fall_one_cm":26972},"minecraft:used":{"minecraft:cooked_mutton":2,"minecraft:iron_ore":1,"minecraft:stone_pickaxe":181,"minecraft:oak_planks":2,"minecraft:wooden_pickaxe":64,"minecraft:rotten_flesh":1,"minecraft:torch":10,"minecraft:dirt":46,"minecraft:crafting_table":4,"minecraft:white_bed":1,"minecraft:iron_axe":14,"minecraft:spruce_sapling":1,"minecraft:stone_axe":83,"minecraft:cobblestone":8,"minecraft:furnace":3,"minecraft:oak_sapling":2,"minecraft:cooked_beef":4}},"DataVersion":1631}