{"stats":{"minecraft:picked_up":{"minecraft:crafting_table":14,"minecraft:chicken":2,"minecraft:brown_mushroom":2,"minecraft:wooden_pickaxe":1,"minecraft:string":14,"minecraft:iron_leggings":1,"minecraft:white_carpet":5,"minecraft:spruce_planks":83,"minecraft:beef":29,"minecraft:iron_pickaxe":2,"minecraft:light_gray_wool":1,"minecraft:sugar_cane":41,"minecraft:phantom_membrane":1,"minecraft:furnace":14,"minecraft:torch":5,"minecraft:porkchop":49,"minecraft:diorite":41,"minecraft:redstone":163,"minecraft:blue_carpet":6,"minecraft:arrow":22,"minecraft:rotten_flesh":21,"minecraft:carved_pumpkin":1,"minecraft:mutton":59,"minecraft:white_wool":36,"minecraft:cobblestone":896,"minecraft:stripped_oak_log":1,"minecraft:feather":2,"minecraft:cooked_beef":5,"minecraft:andesite":105,"minecraft:leather":14,"minecraft:golden_leggings":2,"minecraft:oak_log":58,"minecraft:gunpowder":4,"minecraft:paper":36,"minecraft:lapis_lazuli":116,"minecraft:dirt":174,"minecraft:cooked_mutton":10,"minecraft:bone":24,"minecraft:bow":5,"minecraft:wheat_seeds":12,"minecraft:iron_ingot":21,"minecraft:iron_ore":164,"minecraft:oak_planks":56,"minecraft:cooked_porkchop":16,"minecraft:pumpkin":3,"minecraft:spruce_sapling":1,"minecraft:white_bed":3,"minecraft:spruce_log":7,"minecraft:gold_ore":17,"minecraft:spider_eye":3,"minecraft:pumpkin_seeds":4,"minecraft:diamond":18,"minecraft:chainmail_leggings":1,"minecraft:granite":29,"minecraft:gray_wool":2,"minecraft:emerald":2,"minecraft:oak_sapling":4,"minecraft:coal":414,"minecraft:black_wool":1},"minecraft:used":{"minecraft:iron_shovel":150,"minecraft:flint_and_steel":24,"minecraft:carved_pumpkin":1,"minecraft:chest":1,"minecraft:spruce_planks":10,"minecraft:iron_sword":224,"minecraft:rotten_flesh":2,"minecraft:torch":65,"minecraft:dirt":75,"minecraft:white_carpet":11,"minecraft:granite":5,"minecraft:iron_axe":308,"minecraft:bow":1,"minecraft:written_book":4,"minecraft:oak_sapling":2,"minecraft:furnace":12,"minecraft:cooked_beef":20,"minecraft:pumpkin":1,"minecraft:cooked_mutton":32,"minecraft:water_bucket":9,"minecraft:diorite":10,"minecraft:iron_ore":1,"minecraft:spruce_door":3,"minecraft:stone_pickaxe":504,"minecraft:oak_planks":50,"minecraft:wooden_pickaxe":111,"minecraft:crafting_table":13,"minecraft:white_bed":3,"minecraft:shears":60,"minecraft:black_wool":1,"minecraft:string":1,"minecraft:iron_pickaxe":759,"minecraft:spruce_sapling":1,"minecraft:stone_axe":83,"minecraft:blue_carpet":12,"minecraft:cobblestone":110,"minecraft:cooked_porkchop":14,"minecraft:andesite":14,"minecraft:bucket":10},"minecraft:crafted":{"minecraft:oak_planks":240,"minecraft:furnace":5,"minecraft:white_carpet":6,"minecraft:cooked_mutton":56,"minecraft:flint_and_steel":1,"minecraft:iron_boots":2,"minecraft:iron_axe":3,"minecraft:stone_pickaxe":4,"minecraft:chest":1,"minecraft:golden_helmet":1,"minecraft:cooked_beef":19,"minecraft:sugar":1,"minecraft:cooked_porkchop":41,"minecraft:crafting_table":5,"minecraft:spruce_planks":52,"minecraft:wooden_pickaxe":3,"minecraft:iron_helmet":1,"minecraft:iron_sword":1,"minecraft:spruce_door":3,"minecraft:bucket":1,"minecraft:stone_axe":2,"minecraft:air":0,"minecraft:iron_chestplate":2,"minecraft:paper":18,"minecraft:shield":1,"minecraft:stick":88,"minecraft:iron_ingot":171,"minecraft:iron_pickaxe":4,"minecraft:iron_shovel":1,"minecraft:blue_wool":5,"minecraft:iron_leggings":2,"minecraft:gold_ingot":17,"minecraft:white_bed":2,"minecraft:torch":140,"minecraft:shears":1,"minecraft:diamond_chestplate":1,"minecraft:blue_carpet":6},"minecraft:killed":{"minecraft:spider":8,"minecraft:phantom":1,"minecraft:skeleton":19,"minecraft:chicken":1,"minecraft:silverfish":1,"minecraft:wolf":2,"minecraft:pig":38,"minecraft:creeper":3,"minecraft:sheep":36,"minecraft:zombie":23,"minecraft:cow":19},"minecraft:mined":{"minecraft:blue_carpet":6,"minecraft:diamond_ore":18,"minecraft:spruce_planks":7,"minecraft:white_bed":3,"minecraft:carved_pumpkin":1,"minecraft:granite":32,"minecraft:grass_block":137,"minecraft:spruce_fence":1,"minecraft:spruce_leaves":14,"minecraft:redstone_ore":37,"minecraft:furnace":10,"minecraft:iron_ore":154,"minecraft:andesite":101,"minecraft:pumpkin":2,"minecraft:stripped_oak_log":1,"minecraft:stone":777,"minecraft:brown_mushroom":2,"minecraft:glass_pane":5,"minecraft:crafting_table":12,"minecraft:torch":1,"minecraft:emerald_ore":2,"minecraft:poppy":1,"minecraft:cobblestone":19,"minecraft:lapis_ore":9,"minecraft:oak_planks":48,"minecraft:sugar_cane":17,"minecraft:diorite":33,"minecraft:wall_torch":3,"minecraft:white_carpet":5,"minecraft:spruce_log":18,"minecraft:birch_leaves":1,"minecraft:grass_path":2,"minecraft:grass":119,"minecraft:oak_log":61,"minecraft:coal_ore":135,"minecraft:dirt":67,"minecraft:gold_ore":15,"minecraft:oak_leaves":111,"minecraft:infested_stone":7,"minecraft:fern":10},"minecraft:dropped":{"minecraft:iron_ingot":21,"minecraft:brown_mushroom":2,"minecraft:wheat_seeds":11,"minecraft:cooked_beef":1,"minecraft:diamond":1,"minecraft:feather":1,"minecraft:cobblestone":625,"minecraft:leather":6,"minecraft:granite":24,"minecraft:dirt":10,"minecraft:diorite":31,"minecraft:torch":33,"minecraft:iron_pickaxe":1,"minecraft:paper":36,"minecraft:string":5,"minecraft:white_wool":16,"minecraft:sugar_cane":1,"minecraft:chicken":1,"minecraft:rotten_flesh":17,"minecraft:light_gray_wool":1,"minecraft:cooked_mutton":10,"minecraft:pumpkin_seeds":4,"minecraft:spruce_planks":48,"minecraft:andesite":93,"minecraft:golden_leggings":2,"minecraft:oak_sapling":1,"minecraft:spider_eye":2,"minecraft:bow":3,"minecraft:beef":1,"minecraft:written_book":2},"minecraft:broken":{"minecraft:wooden_pickaxe":1,"minecraft:stone_pickaxe":3,"minecraft:iron_axe":1,"minecraft:iron_pickaxe":3},"minecraft:killed_by":{"minecraft:creeper":1,"minecraft:spider":1,"minecraft:enderman":2,"minecraft:cave_spider":1,"minecraft:skeleton":4,"minecraft:zombie":2},"minecraft:custom":{"minecraft:mob_kills":153,"minecraft:interact_with_crafting_table":74,"minecraft:leave_game":8,"minecraft:time_since_death":44432,"minecraft:climb_one_cm":1562,"minecraft:sprint_one_cm":547858,"minecraft:walk_one_cm":1578882,"minecraft:damage_blocked_by_shield":3985,"minecraft:drop":84,"minecraft:damage_dealt_absorbed":68,"minecraft:talked_to_villager":14,"minecraft:deaths":11,"minecraft:sneak_time":3100,"minecraft:walk_under_water_one_cm":10385,"minecraft:jump":5813,"minecraft:walk_on_water_one_cm":58931,"minecraft:interact_with_furnace":141,"minecraft:play_one_minute":386535,"minecraft:sleep_in_bed":3,"minecraft:time_since_rest":44458,"minecraft:damage_taken":7515,"minecraft:damage_dealt":21598,"minecraft:player_kills":1,"minecraft:fly_one_cm":794251,"minecraft:open_chest":20,"minecraft:crouch_one_cm":3798,"minecraft:fall_one_cm":150054}},"DataVersion":1631}