{"stats":{"minecraft:killed":{"minecraft:wolf":2,"minecraft:pig":17,"minecraft:spider":2,"minecraft:sheep":22,"minecraft:skeleton":7,"minecraft:zombie":8,"minecraft:chicken":1,"minecraft:silverfish":1,"minecraft:cow":4},"minecraft:crafted":{"minecraft:cooked_beef":8,"minecraft:oak_planks":92,"minecraft:cooked_porkchop":25,"minecraft:crafting_table":5,"minecraft:spruce_planks":52,"minecraft:iron_sword":1,"minecraft:wooden_pickaxe":3,"minecraft:iron_helmet":1,"minecraft:furnace":4,"minecraft:stone_axe":2,"minecraft:cooked_mutton":39,"minecraft:air":0,"minecraft:iron_boots":1,"minecraft:iron_chestplate":1,"minecraft:shield":1,"minecraft:iron_axe":2,"minecraft:stick":80,"minecraft:iron_ingot":78,"minecraft:iron_pickaxe":3,"minecraft:stone_pickaxe":4,"minecraft:iron_leggings":2,"minecraft:white_bed":2,"minecraft:torch":120,"minecraft:shears":1},"minecraft:dropped":{"minecraft:cobblestone":256,"minecraft:chicken":1,"minecraft:feather":1,"minecraft:light_gray_wool":1,"minecraft:rotten_flesh":1,"minecraft:leather":1,"minecraft:granite":24,"minecraft:pumpkin_seeds":4,"minecraft:dirt":10,"minecraft:diorite":26,"minecraft:andesite":93,"minecraft:spider_eye":1,"minecraft:iron_pickaxe":1,"minecraft:white_wool":9},"minecraft:mined":{"minecraft:diamond_ore":18,"minecraft:white_bed":2,"minecraft:carved_pumpkin":1,"minecraft:crafting_table":10,"minecraft:torch":1,"minecraft:granite":32,"minecraft:emerald_ore":2,"minecraft:grass_block":11,"minecraft:spruce_fence":1,"minecraft:cobblestone":11,"minecraft:spruce_leaves":7,"minecraft:lapis_ore":9,"minecraft:diorite":33,"minecraft:wall_torch":3,"minecraft:redstone_ore":37,"minecraft:furnace":7,"minecraft:iron_ore":154,"minecraft:spruce_log":12,"minecraft:andesite":101,"minecraft:birch_leaves":1,"minecraft:pumpkin":1,"minecraft:grass":12,"minecraft:oak_log":25,"minecraft:coal_ore":135,"minecraft:dirt":8,"minecraft:stone":777,"minecraft:gold_ore":15,"minecraft:infested_stone":7,"minecraft:oak_leaves":42,"minecraft:fern":3},"minecraft:broken":{"minecraft:stone_pickaxe":3,"minecraft:iron_pickaxe":3},"minecraft:picked_up":{"minecraft:crafting_table":12,"minecraft:feather":2,"minecraft:chicken":2,"minecraft:andesite":105,"minecraft:leather":2,"minecraft:wooden_pickaxe":1,"minecraft:oak_log":21,"minecraft:lapis_lazuli":58,"minecraft:string":2,"minecraft:dirt":58,"minecraft:iron_leggings":1,"minecraft:bone":6,"minecraft:bow":1,"minecraft:wheat_seeds":1,"minecraft:spruce_planks":12,"minecraft:beef":6,"minecraft:iron_ore":164,"minecraft:iron_pickaxe":2,"minecraft:light_gray_wool":1,"minecraft:oak_planks":8,"minecraft:furnace":10,"minecraft:pumpkin":2,"minecraft:torch":5,"minecraft:porkchop":33,"minecraft:redstone":163,"minecraft:spruce_log":7,"minecraft:spruce_sapling":1,"minecraft:diorite":36,"minecraft:white_bed":2,"minecraft:gold_ore":17,"minecraft:spider_eye":1,"minecraft:pumpkin_seeds":4,"minecraft:arrow":7,"minecraft:rotten_flesh":4,"minecraft:diamond":18,"minecraft:chainmail_leggings":1,"minecraft:granite":29,"minecraft:carved_pumpkin":1,"minecraft:gray_wool":2,"minecraft:emerald":2,"minecraft:oak_sapling":1,"minecraft:mutton":37,"minecraft:coal":286,"minecraft:white_wool":19,"minecraft:cobblestone":791},"minecraft:killed_by":{"minecraft:cave_spider":1,"minecraft:skeleton":4,"minecraft:creeper":1,"minecraft:spider":1,"minecraft:enderman":1},"minecraft:custom":{"minecraft:interact_with_furnace":65,"minecraft:mob_kills":64,"minecraft:interact_with_crafting_table":33,"minecraft:play_one_minute":173938,"minecraft:leave_game":1,"minecraft:time_since_death":96739,"minecraft:sleep_in_bed":2,"minecraft:climb_one_cm":974,"minecraft:time_since_rest":51156,"minecraft:sprint_one_cm":141250,"minecraft:damage_taken":3379,"minecraft:walk_one_cm":735951,"minecraft:damage_blocked_by_shield":1420,"minecraft:drop":21,"minecraft:damage_dealt":9313,"minecraft:damage_dealt_absorbed":1,"minecraft:talked_to_villager":1,"minecraft:fly_one_cm":152257,"minecraft:crouch_one_cm":1622,"minecraft:deaths":8,"minecraft:sneak_time":1307,"minecraft:walk_under_water_one_cm":1965,"minecraft:jump":1921,"minecraft:walk_on_water_one_cm":27656,"minecraft:fall_one_cm":37780},"minecraft:used":{"minecraft:cooked_mutton":3,"minecraft:diorite":5,"minecraft:iron_ore":1,"minecraft:stone_pickaxe":504,"minecraft:oak_planks":2,"minecraft:wooden_pickaxe":110,"minecraft:iron_sword":9,"minecraft:rotten_flesh":1,"minecraft:torch":60,"minecraft:dirt":47,"minecraft:crafting_table":10,"minecraft:white_bed":2,"minecraft:granite":5,"minecraft:iron_axe":94,"minecraft:iron_pickaxe":746,"minecraft:spruce_sapling":1,"minecraft:stone_axe":83,"minecraft:cobblestone":63,"minecraft:furnace":7,"minecraft:oak_sapling":2,"minecraft:cooked_porkchop":7,"minecraft:andesite":10,"minecraft:cooked_beef":6,"minecraft:pumpkin":1}},"DataVersion":1631}