{"stats":{"minecraft:killed":{"minecraft:wolf":2,"minecraft:pig":17,"minecraft:spider":1,"minecraft:sheep":22,"minecraft:skeleton":5,"minecraft:zombie":8,"minecraft:chicken":1,"minecraft:cow":4},"minecraft:crafted":{"minecraft:cooked_beef":8,"minecraft:oak_planks":92,"minecraft:cooked_porkchop":25,"minecraft:crafting_table":4,"minecraft:spruce_planks":24,"minecraft:wooden_pickaxe":3,"minecraft:iron_helmet":1,"minecraft:furnace":4,"minecraft:stone_axe":2,"minecraft:cooked_mutton":39,"minecraft:air":0,"minecraft:iron_boots":1,"minecraft:iron_chestplate":1,"minecraft:shield":1,"minecraft:iron_axe":2,"minecraft:stick":40,"minecraft:iron_ingot":67,"minecraft:iron_pickaxe":1,"minecraft:stone_pickaxe":4,"minecraft:iron_leggings":2,"minecraft:white_bed":2,"minecraft:torch":56,"minecraft:shears":1},"minecraft:mined":{"minecraft:white_bed":2,"minecraft:carved_pumpkin":1,"minecraft:crafting_table":7,"minecraft:torch":1,"minecraft:granite":16,"minecraft:grass_block":11,"minecraft:spruce_fence":1,"minecraft:cobblestone":9,"minecraft:spruce_leaves":7,"minecraft:diorite":6,"minecraft:wall_torch":1,"minecraft:furnace":6,"minecraft:iron_ore":82,"minecraft:spruce_log":12,"minecraft:andesite":48,"minecraft:birch_leaves":1,"minecraft:pumpkin":1,"minecraft:grass":12,"minecraft:oak_log":25,"minecraft:coal_ore":120,"minecraft:dirt":8,"minecraft:stone":417,"minecraft:oak_leaves":42,"minecraft:fern":3},"minecraft:broken":{"minecraft:stone_pickaxe":2,"minecraft:iron_pickaxe":1},"minecraft:picked_up":{"minecraft:crafting_table":8,"minecraft:feather":2,"minecraft:chicken":2,"minecraft:andesite":47,"minecraft:leather":2,"minecraft:wooden_pickaxe":1,"minecraft:oak_log":21,"minecraft:string":1,"minecraft:dirt":58,"minecraft:iron_leggings":1,"minecraft:bone":3,"minecraft:bow":1,"minecraft:wheat_seeds":1,"minecraft:spruce_planks":12,"minecraft:beef":6,"minecraft:iron_ore":84,"minecraft:light_gray_wool":1,"minecraft:oak_planks":8,"minecraft:furnace":7,"minecraft:pumpkin":2,"minecraft:torch":2,"minecraft:porkchop":33,"minecraft:spruce_log":7,"minecraft:spruce_sapling":1,"minecraft:diorite":6,"minecraft:white_bed":2,"minecraft:pumpkin_seeds":4,"minecraft:arrow":2,"minecraft:rotten_flesh":4,"minecraft:chainmail_leggings":1,"minecraft:granite":13,"minecraft:carved_pumpkin":1,"minecraft:gray_wool":2,"minecraft:oak_sapling":1,"minecraft:mutton":37,"minecraft:coal":270,"minecraft:white_wool":19,"minecraft:cobblestone":424},"minecraft:killed_by":{"minecraft:cave_spider":1,"minecraft:skeleton":4,"minecraft:creeper":1,"minecraft:spider":1,"minecraft:enderman":1},"minecraft:custom":{"minecraft:interact_with_furnace":60,"minecraft:mob_kills":60,"minecraft:interact_with_crafting_table":29,"minecraft:play_one_minute":135555,"minecraft:leave_game":1,"minecraft:time_since_death":58356,"minecraft:sleep_in_bed":2,"minecraft:climb_one_cm":974,"minecraft:time_since_rest":12773,"minecraft:sprint_one_cm":109881,"minecraft:damage_taken":2845,"minecraft:walk_one_cm":577721,"minecraft:damage_dealt":8509,"minecraft:damage_dealt_absorbed":1,"minecraft:talked_to_villager":1,"minecraft:fly_one_cm":132650,"minecraft:crouch_one_cm":1271,"minecraft:deaths":8,"minecraft:sneak_time":996,"minecraft:walk_under_water_one_cm":1965,"minecraft:jump":1553,"minecraft:walk_on_water_one_cm":7640,"minecraft:fall_one_cm":34729},"minecraft:used":{"minecraft:cooked_mutton":2,"minecraft:diorite":5,"minecraft:iron_ore":1,"minecraft:stone_pickaxe":395,"minecraft:oak_planks":2,"minecraft:wooden_pickaxe":80,"minecraft:rotten_flesh":1,"minecraft:torch":27,"minecraft:dirt":47,"minecraft:crafting_table":7,"minecraft:white_bed":2,"minecraft:granite":5,"minecraft:iron_axe":70,"minecraft:iron_pickaxe":244,"minecraft:spruce_sapling":1,"minecraft:stone_axe":83,"minecraft:cobblestone":20,"minecraft:furnace":6,"minecraft:oak_sapling":2,"minecraft:cooked_porkchop":3,"minecraft:andesite":10,"minecraft:cooked_beef":6,"minecraft:pumpkin":1}},"DataVersion":1631}