{"stats":{"minecraft:crafted":{"minecraft:oak_planks":4,"minecraft:crafting_table":1,"minecraft:spruce_planks":24,"minecraft:stick":4,"minecraft:wooden_pickaxe":1,"minecraft:furnace":1,"minecraft:stone_axe":1,"minecraft:air":0,"minecraft:cooked_mutton":4},"minecraft:custom":{"minecraft:time_since_rest":1367,"minecraft:interact_with_furnace":3,"minecraft:sprint_one_cm":27942,"minecraft:damage_taken":1416,"minecraft:walk_one_cm":128004,"minecraft:mob_kills":13,"minecraft:damage_dealt":2925,"minecraft:damage_dealt_absorbed":0,"minecraft:talked_to_villager":1,"minecraft:interact_with_crafting_table":3,"minecraft:fly_one_cm":30125,"minecraft:crouch_one_cm":190,"minecraft:play_one_minute":27089,"minecraft:deaths":5,"minecraft:sneak_time":72,"minecraft:jump":333,"minecraft:leave_game":1,"minecraft:time_since_death":1340,"minecraft:walk_on_water_one_cm":231,"minecraft:fall_one_cm":8044},"minecraft:killed":{"minecraft:sheep":4,"minecraft:skeleton":1,"minecraft:wolf":1,"minecraft:zombie":5,"minecraft:pig":1,"minecraft:cow":1},"minecraft:killed_by":{"minecraft:skeleton":2,"minecraft:creeper":1,"minecraft:spider":1,"minecraft:enderman":1},"minecraft:mined":{"minecraft:furnace":1,"minecraft:spruce_log":5,"minecraft:crafting_table":1,"minecraft:grass":1,"minecraft:grass_block":1,"minecraft:oak_log":3,"minecraft:spruce_leaves":3,"minecraft:stone":17},"minecraft:picked_up":{"minecraft:crafting_table":1,"minecraft:porkchop":1,"minecraft:spruce_sapling":1,"minecraft:dirt":40,"minecraft:rotten_flesh":2,"minecraft:chainmail_leggings":1,"minecraft:spruce_planks":12,"minecraft:gray_wool":1,"minecraft:mutton":8,"minecraft:oak_planks":3,"minecraft:white_wool":1,"minecraft:cobblestone":17,"minecraft:furnace":2},"minecraft:used":{"minecraft:cooked_mutton":2,"minecraft:oak_planks":1,"minecraft:wooden_pickaxe":18,"minecraft:spruce_sapling":1,"minecraft:rotten_flesh":1,"minecraft:stone_axe":25,"minecraft:dirt":39,"minecraft:crafting_table":1,"minecraft:furnace":1}},"DataVersion":1631}