{"stats":{"minecraft:picked_up":{"minecraft:crafting_table":13,"minecraft:chicken":2,"minecraft:wooden_pickaxe":1,"minecraft:string":7,"minecraft:iron_leggings":1,"minecraft:spruce_planks":16,"minecraft:beef":13,"minecraft:iron_pickaxe":2,"minecraft:light_gray_wool":1,"minecraft:phantom_membrane":1,"minecraft:furnace":11,"minecraft:torch":5,"minecraft:porkchop":33,"minecraft:diorite":41,"minecraft:redstone":163,"minecraft:arrow":8,"minecraft:rotten_flesh":9,"minecraft:carved_pumpkin":1,"minecraft:mutton":49,"minecraft:white_wool":25,"minecraft:cobblestone":794,"minecraft:feather":2,"minecraft:andesite":105,"minecraft:leather":7,"minecraft:oak_log":21,"minecraft:lapis_lazuli":58,"minecraft:dirt":78,"minecraft:cooked_mutton":10,"minecraft:bone":11,"minecraft:bow":1,"minecraft:wheat_seeds":1,"minecraft:iron_ore":164,"minecraft:oak_planks":8,"minecraft:pumpkin":2,"minecraft:spruce_sapling":1,"minecraft:white_bed":2,"minecraft:spruce_log":7,"minecraft:gold_ore":17,"minecraft:spider_eye":1,"minecraft:pumpkin_seeds":4,"minecraft:diamond":18,"minecraft:chainmail_leggings":1,"minecraft:granite":29,"minecraft:gray_wool":2,"minecraft:emerald":2,"minecraft:oak_sapling":1,"minecraft:black_wool":1,"minecraft:coal":345},"minecraft:used":{"minecraft:carved_pumpkin":1,"minecraft:iron_sword":53,"minecraft:rotten_flesh":1,"minecraft:torch":61,"minecraft:dirt":67,"minecraft:granite":5,"minecraft:iron_axe":104,"minecraft:written_book":4,"minecraft:furnace":9,"minecraft:oak_sapling":2,"minecraft:cooked_beef":6,"minecraft:pumpkin":1,"minecraft:cooked_mutton":15,"minecraft:diorite":10,"minecraft:iron_ore":1,"minecraft:stone_pickaxe":504,"minecraft:oak_planks":2,"minecraft:wooden_pickaxe":111,"minecraft:crafting_table":11,"minecraft:white_bed":2,"minecraft:black_wool":1,"minecraft:string":1,"minecraft:iron_pickaxe":746,"minecraft:spruce_sapling":1,"minecraft:stone_axe":83,"minecraft:cobblestone":104,"minecraft:cooked_porkchop":11,"minecraft:andesite":14},"minecraft:crafted":{"minecraft:oak_planks":92,"minecraft:furnace":4,"minecraft:cooked_mutton":46,"minecraft:iron_boots":2,"minecraft:iron_axe":2,"minecraft:stone_pickaxe":4,"minecraft:cooked_beef":8,"minecraft:cooked_porkchop":25,"minecraft:crafting_table":5,"minecraft:spruce_planks":52,"minecraft:wooden_pickaxe":3,"minecraft:iron_helmet":1,"minecraft:iron_sword":1,"minecraft:stone_axe":2,"minecraft:air":0,"minecraft:iron_chestplate":2,"minecraft:shield":1,"minecraft:stick":80,"minecraft:iron_ingot":171,"minecraft:iron_pickaxe":3,"minecraft:iron_leggings":2,"minecraft:white_bed":2,"minecraft:torch":120,"minecraft:shears":1},"minecraft:killed":{"minecraft:spider":2,"minecraft:phantom":1,"minecraft:skeleton":7,"minecraft:chicken":1,"minecraft:silverfish":1,"minecraft:wolf":2,"minecraft:pig":17,"minecraft:sheep":29,"minecraft:zombie":10,"minecraft:cow":6},"minecraft:mined":{"minecraft:diamond_ore":18,"minecraft:spruce_planks":4,"minecraft:white_bed":2,"minecraft:carved_pumpkin":1,"minecraft:granite":32,"minecraft:grass_block":28,"minecraft:spruce_fence":1,"minecraft:spruce_leaves":10,"minecraft:redstone_ore":37,"minecraft:furnace":8,"minecraft:iron_ore":154,"minecraft:andesite":101,"minecraft:pumpkin":1,"minecraft:stone":777,"minecraft:glass_pane":1,"minecraft:crafting_table":11,"minecraft:torch":1,"minecraft:emerald_ore":2,"minecraft:poppy":1,"minecraft:cobblestone":11,"minecraft:lapis_ore":9,"minecraft:diorite":33,"minecraft:wall_torch":3,"minecraft:spruce_log":12,"minecraft:birch_leaves":1,"minecraft:grass":19,"minecraft:oak_log":25,"minecraft:coal_ore":135,"minecraft:dirt":15,"minecraft:gold_ore":15,"minecraft:oak_leaves":49,"minecraft:infested_stone":7,"minecraft:fern":4},"minecraft:dropped":{"minecraft:iron_ingot":20,"minecraft:feather":1,"minecraft:cobblestone":266,"minecraft:leather":3,"minecraft:granite":24,"minecraft:dirt":10,"minecraft:diorite":31,"minecraft:iron_pickaxe":1,"minecraft:string":5,"minecraft:white_wool":9,"minecraft:chicken":1,"minecraft:rotten_flesh":4,"minecraft:light_gray_wool":1,"minecraft:cooked_mutton":10,"minecraft:pumpkin_seeds":4,"minecraft:spruce_planks":28,"minecraft:andesite":93,"minecraft:spider_eye":1,"minecraft:written_book":1},"minecraft:broken":{"minecraft:wooden_pickaxe":1,"minecraft:stone_pickaxe":3,"minecraft:iron_pickaxe":3},"minecraft:killed_by":{"minecraft:creeper":1,"minecraft:spider":1,"minecraft:enderman":1,"minecraft:cave_spider":1,"minecraft:skeleton":4,"minecraft:zombie":1},"minecraft:custom":{"minecraft:mob_kills":76,"minecraft:interact_with_crafting_table":38,"minecraft:leave_game":4,"minecraft:time_since_death":31831,"minecraft:climb_one_cm":974,"minecraft:sprint_one_cm":273686,"minecraft:walk_one_cm":946358,"minecraft:damage_blocked_by_shield":1420,"minecraft:drop":46,"minecraft:damage_dealt_absorbed":1,"minecraft:talked_to_villager":7,"minecraft:deaths":9,"minecraft:sneak_time":1978,"minecraft:walk_under_water_one_cm":6935,"minecraft:jump":3425,"minecraft:walk_on_water_one_cm":37709,"minecraft:interact_with_furnace":111,"minecraft:play_one_minute":241882,"minecraft:sleep_in_bed":2,"minecraft:time_since_rest":18483,"minecraft:damage_taken":4588,"minecraft:damage_dealt":11079,"minecraft:player_kills":1,"minecraft:fly_one_cm":430923,"minecraft:open_chest":1,"minecraft:crouch_one_cm":2521,"minecraft:fall_one_cm":91942}},"DataVersion":1631}