{"stats":{"minecraft:killed":{"minecraft:wolf":2,"minecraft:pig":17,"minecraft:spider":1,"minecraft:sheep":22,"minecraft:skeleton":5,"minecraft:zombie":8,"minecraft:chicken":1,"minecraft:cow":4},"minecraft:crafted":{"minecraft:cooked_beef":8,"minecraft:oak_planks":68,"minecraft:cooked_porkchop":25,"minecraft:crafting_table":3,"minecraft:spruce_planks":24,"minecraft:wooden_pickaxe":3,"minecraft:iron_helmet":1,"minecraft:furnace":4,"minecraft:stone_axe":2,"minecraft:cooked_mutton":34,"minecraft:air":0,"minecraft:iron_boots":1,"minecraft:iron_chestplate":1,"minecraft:shield":1,"minecraft:iron_axe":2,"minecraft:stick":36,"minecraft:iron_ingot":67,"minecraft:iron_pickaxe":1,"minecraft:stone_pickaxe":2,"minecraft:iron_leggings":2,"minecraft:white_bed":2,"minecraft:torch":56,"minecraft:shears":1},"minecraft:mined":{"minecraft:white_bed":2,"minecraft:carved_pumpkin":1,"minecraft:crafting_table":5,"minecraft:torch":1,"minecraft:granite":8,"minecraft:grass_block":11,"minecraft:spruce_fence":1,"minecraft:cobblestone":9,"minecraft:spruce_leaves":7,"minecraft:diorite":5,"minecraft:wall_torch":1,"minecraft:furnace":4,"minecraft:iron_ore":74,"minecraft:spruce_log":12,"minecraft:andesite":10,"minecraft:birch_leaves":1,"minecraft:pumpkin":1,"minecraft:grass":12,"minecraft:oak_log":25,"minecraft:coal_ore":108,"minecraft:dirt":8,"minecraft:stone":187,"minecraft:oak_leaves":42,"minecraft:fern":3},"minecraft:broken":{"minecraft:stone_pickaxe":1},"minecraft:picked_up":{"minecraft:crafting_table":5,"minecraft:feather":2,"minecraft:chicken":2,"minecraft:andesite":10,"minecraft:leather":2,"minecraft:wooden_pickaxe":1,"minecraft:oak_log":21,"minecraft:string":1,"minecraft:dirt":58,"minecraft:iron_leggings":1,"minecraft:bone":3,"minecraft:bow":1,"minecraft:wheat_seeds":1,"minecraft:spruce_planks":12,"minecraft:beef":6,"minecraft:iron_ore":76,"minecraft:light_gray_wool":1,"minecraft:oak_planks":8,"minecraft:furnace":5,"minecraft:pumpkin":2,"minecraft:torch":2,"minecraft:porkchop":33,"minecraft:spruce_log":7,"minecraft:spruce_sapling":1,"minecraft:diorite":5,"minecraft:white_bed":2,"minecraft:pumpkin_seeds":4,"minecraft:arrow":2,"minecraft:rotten_flesh":3,"minecraft:chainmail_leggings":1,"minecraft:granite":5,"minecraft:carved_pumpkin":1,"minecraft:gray_wool":2,"minecraft:oak_sapling":1,"minecraft:mutton":37,"minecraft:coal":183,"minecraft:white_wool":19,"minecraft:cobblestone":192},"minecraft:killed_by":{"minecraft:cave_spider":1,"minecraft:skeleton":4,"minecraft:creeper":1,"minecraft:spider":1,"minecraft:enderman":1},"minecraft:custom":{"minecraft:interact_with_furnace":56,"minecraft:mob_kills":60,"minecraft:interact_with_crafting_table":27,"minecraft:play_one_minute":123555,"minecraft:leave_game":1,"minecraft:time_since_death":46356,"minecraft:sleep_in_bed":2,"minecraft:climb_one_cm":974,"minecraft:time_since_rest":773,"minecraft:sprint_one_cm":109847,"minecraft:damage_taken":2845,"minecraft:walk_one_cm":550328,"minecraft:damage_dealt":8346,"minecraft:damage_dealt_absorbed":1,"minecraft:talked_to_villager":1,"minecraft:fly_one_cm":132650,"minecraft:crouch_one_cm":1054,"minecraft:deaths":8,"minecraft:sneak_time":730,"minecraft:walk_under_water_one_cm":1965,"minecraft:jump":1536,"minecraft:walk_on_water_one_cm":7184,"minecraft:fall_one_cm":33175},"minecraft:used":{"minecraft:cooked_mutton":2,"minecraft:diorite":5,"minecraft:iron_ore":1,"minecraft:stone_pickaxe":238,"minecraft:oak_planks":2,"minecraft:wooden_pickaxe":64,"minecraft:rotten_flesh":1,"minecraft:torch":14,"minecraft:dirt":47,"minecraft:crafting_table":5,"minecraft:white_bed":2,"minecraft:granite":5,"minecraft:iron_axe":66,"minecraft:iron_pickaxe":117,"minecraft:spruce_sapling":1,"minecraft:stone_axe":83,"minecraft:cobblestone":20,"minecraft:furnace":6,"minecraft:oak_sapling":2,"minecraft:cooked_porkchop":3,"minecraft:andesite":10,"minecraft:cooked_beef":6,"minecraft:pumpkin":1}},"DataVersion":1631}