{"stats":{"minecraft:crafted":{"minecraft:oak_planks":4,"minecraft:crafting_table":1,"minecraft:spruce_planks":24,"minecraft:stick":4,"minecraft:wooden_pickaxe":1},"minecraft:custom":{"minecraft:time_since_rest":6006,"minecraft:play_one_minute":18000,"minecraft:crouch_one_cm":190,"minecraft:walk_one_cm":80262,"minecraft:sprint_one_cm":19537,"minecraft:damage_taken":820,"minecraft:deaths":3,"minecraft:sneak_time":72,"minecraft:mob_kills":8,"minecraft:jump":242,"minecraft:damage_dealt":2009,"minecraft:walk_on_water_one_cm":108,"minecraft:time_since_death":5978,"minecraft:interact_with_crafting_table":1,"minecraft:talked_to_villager":1,"minecraft:fall_one_cm":6804,"minecraft:fly_one_cm":21794},"minecraft:killed":{"minecraft:sheep":2,"minecraft:skeleton":1,"minecraft:wolf":1,"minecraft:zombie":3,"minecraft:cow":1},"minecraft:killed_by":{"minecraft:skeleton":1,"minecraft:spider":1,"minecraft:enderman":1},"minecraft:mined":{"minecraft:grass":1,"minecraft:oak_log":3,"minecraft:spruce_log":5,"minecraft:stone":4},"minecraft:picked_up":{"minecraft:mutton":4,"minecraft:oak_planks":3,"minecraft:dirt":39,"minecraft:cobblestone":3},"minecraft:used":{"minecraft:dirt":39,"minecraft:crafting_table":1,"minecraft:oak_planks":1,"minecraft:wooden_pickaxe":4}},"DataVersion":1631}