{"stats":{"minecraft:crafted":{"minecraft:oak_planks":24,"minecraft:crafting_table":2,"minecraft:spruce_planks":24,"minecraft:stick":8,"minecraft:wooden_pickaxe":2,"minecraft:furnace":1,"minecraft:stone_axe":1,"minecraft:air":0,"minecraft:cooked_mutton":4},"minecraft:custom":{"minecraft:time_since_rest":12468,"minecraft:interact_with_furnace":3,"minecraft:sprint_one_cm":39340,"minecraft:damage_taken":1621,"minecraft:walk_one_cm":174849,"minecraft:mob_kills":16,"minecraft:damage_dealt":3517,"minecraft:damage_dealt_absorbed":0,"minecraft:interact_with_crafting_table":4,"minecraft:talked_to_villager":1,"minecraft:fly_one_cm":41280,"minecraft:play_one_minute":38190,"minecraft:crouch_one_cm":250,"minecraft:deaths":5,"minecraft:sneak_time":125,"minecraft:walk_under_water_one_cm":486,"minecraft:jump":444,"minecraft:leave_game":1,"minecraft:time_since_death":12441,"minecraft:walk_on_water_one_cm":885,"minecraft:fall_one_cm":10546},"minecraft:killed":{"minecraft:sheep":4,"minecraft:skeleton":1,"minecraft:wolf":1,"minecraft:zombie":7,"minecraft:pig":1,"minecraft:cow":2},"minecraft:killed_by":{"minecraft:skeleton":2,"minecraft:creeper":1,"minecraft:spider":1,"minecraft:enderman":1},"minecraft:mined":{"minecraft:furnace":1,"minecraft:spruce_log":5,"minecraft:crafting_table":1,"minecraft:grass":4,"minecraft:grass_block":2,"minecraft:spruce_fence":1,"minecraft:oak_log":8,"minecraft:dirt":5,"minecraft:spruce_leaves":3,"minecraft:stone":34,"minecraft:oak_leaves":4},"minecraft:picked_up":{"minecraft:crafting_table":1,"minecraft:wooden_pickaxe":1,"minecraft:porkchop":1,"minecraft:oak_log":4,"minecraft:spruce_sapling":1,"minecraft:dirt":46,"minecraft:rotten_flesh":2,"minecraft:wheat_seeds":1,"minecraft:chainmail_leggings":1,"minecraft:spruce_planks":12,"minecraft:beef":3,"minecraft:gray_wool":1,"minecraft:mutton":8,"minecraft:oak_planks":3,"minecraft:white_wool":1,"minecraft:cobblestone":34,"minecraft:furnace":2},"minecraft:used":{"minecraft:cooked_mutton":2,"minecraft:oak_planks":1,"minecraft:wooden_pickaxe":44,"minecraft:spruce_sapling":1,"minecraft:rotten_flesh":1,"minecraft:stone_axe":25,"minecraft:dirt":39,"minecraft:crafting_table":2,"minecraft:furnace":1}},"DataVersion":1631}