{"stats":{"minecraft:picked_up":{"minecraft:wooden_axe":1,"minecraft:stick":64,"minecraft:crafting_table":1,"minecraft:wooden_pickaxe":1,"minecraft:spruce_sapling":2,"minecraft:stripped_spruce_log":8,"minecraft:oak_log":4,"minecraft:spruce_log":39,"minecraft:diorite":3,"minecraft:dirt":24,"minecraft:apple":1,"minecraft:spruce_planks":25,"minecraft:coal":3},"minecraft:used":{"minecraft:wooden_axe":65,"minecraft:spruce_planks":1,"minecraft:wooden_pickaxe":7,"minecraft:wooden_sword":1,"minecraft:dirt":21,"minecraft:crafting_table":3},"minecraft:crafted":{"minecraft:wooden_sword":1,"minecraft:oak_planks":16,"minecraft:crafting_table":4,"minecraft:spruce_planks":156,"minecraft:stick":64,"minecraft:wooden_pickaxe":1,"minecraft:wooden_axe":2},"minecraft:mined":{"minecraft:spruce_planks":1,"minecraft:spruce_log":41,"minecraft:stripped_spruce_log":9,"minecraft:grass_path":2,"minecraft:crafting_table":1,"minecraft:grass":5,"minecraft:grass_block":9,"minecraft:oak_log":4,"minecraft:coal_ore":3,"minecraft:dirt":18,"minecraft:spruce_leaves":19,"minecraft:diorite":3,"minecraft:oak_leaves":7,"minecraft:fern":1},"minecraft:broken":{"minecraft:wooden_axe":1},"minecraft:custom":{"minecraft:time_since_rest":23025,"minecraft:sprint_one_cm":6984,"minecraft:damage_taken":147,"minecraft:walk_one_cm":66659,"minecraft:interact_with_crafting_table":5,"minecraft:fly_one_cm":2126,"minecraft:play_one_minute":26647,"minecraft:sneak_time":445,"minecraft:jump":120,"minecraft:leave_game":3,"minecraft:time_since_death":26647,"minecraft:fall_one_cm":2005}},"DataVersion":1631}