{"stats":{"minecraft:crafted":{"minecraft:oak_planks":16,"minecraft:crafting_table":4,"minecraft:spruce_planks":60,"minecraft:stick":64,"minecraft:wooden_pickaxe":1,"minecraft:wooden_axe":1},"minecraft:mined":{"minecraft:coal_ore":3,"minecraft:grass_block":6,"minecraft:oak_log":4,"minecraft:dirt":18,"minecraft:spruce_leaves":7,"minecraft:spruce_log":20,"minecraft:stripped_spruce_log":2,"minecraft:diorite":3,"minecraft:oak_leaves":7,"minecraft:crafting_table":1,"minecraft:grass_path":2},"minecraft:picked_up":{"minecraft:wooden_axe":1,"minecraft:crafting_table":1,"minecraft:stick":64,"minecraft:apple":1,"minecraft:wooden_pickaxe":1,"minecraft:spruce_planks":24,"minecraft:stripped_spruce_log":2,"minecraft:oak_log":4,"minecraft:diorite":3,"minecraft:spruce_log":18,"minecraft:coal":3,"minecraft:dirt":24},"minecraft:used":{"minecraft:wooden_axe":11,"minecraft:dirt":13,"minecraft:crafting_table":3,"minecraft:wooden_pickaxe":7},"minecraft:custom":{"minecraft:time_since_rest":14378,"minecraft:play_one_minute":18000,"minecraft:sprint_one_cm":15,"minecraft:walk_one_cm":47155,"minecraft:sneak_time":429,"minecraft:jump":77,"minecraft:time_since_death":18000,"minecraft:fly_one_cm":26,"minecraft:interact_with_crafting_table":4,"minecraft:fall_one_cm":1227}},"DataVersion":1631}