{"stats":{"minecraft:picked_up":{"minecraft:wooden_axe":1,"minecraft:chicken":3,"minecraft:stick":64,"minecraft:crafting_table":1,"minecraft:feather":5,"minecraft:leather":3,"minecraft:wooden_pickaxe":1,"minecraft:gravel":8,"minecraft:carrot":36,"minecraft:spruce_sapling":3,"minecraft:stripped_spruce_log":8,"minecraft:oak_log":10,"minecraft:spruce_log":39,"minecraft:diorite":3,"minecraft:dirt":25,"minecraft:apple":1,"minecraft:wheat_seeds":1,"minecraft:spruce_planks":25,"minecraft:beef":7,"minecraft:rose_bush":1,"minecraft:poppy":1,"minecraft:sugar_cane":3,"minecraft:black_wool":1,"minecraft:mutton":4,"minecraft:coal":3,"minecraft:white_wool":2},"minecraft:used":{"minecraft:wooden_axe":71,"minecraft:diorite":2,"minecraft:spruce_planks":8,"minecraft:wooden_pickaxe":7,"minecraft:wooden_sword":51,"minecraft:dirt":21,"minecraft:crafting_table":4,"minecraft:carrot":6},"minecraft:crafted":{"minecraft:wooden_sword":1,"minecraft:oak_planks":16,"minecraft:crafting_table":4,"minecraft:spruce_planks":156,"minecraft:stick":64,"minecraft:wooden_pickaxe":1,"minecraft:wooden_axe":2},"minecraft:killed":{"minecraft:sheep":3,"minecraft:pig":1,"minecraft:chicken":3,"minecraft:cow":3},"minecraft:mined":{"minecraft:spruce_planks":1,"minecraft:spruce_log":41,"minecraft:stripped_spruce_log":9,"minecraft:grass_path":2,"minecraft:crafting_table":1,"minecraft:grass":18,"minecraft:grass_block":10,"minecraft:oak_log":10,"minecraft:coal_ore":3,"minecraft:poppy":1,"minecraft:gravel":8,"minecraft:dirt":18,"minecraft:spruce_leaves":19,"minecraft:sugar_cane":1,"minecraft:diorite":3,"minecraft:oak_leaves":9,"minecraft:fern":2},"minecraft:killed_by":{"minecraft:zombie":1},"minecraft:broken":{"minecraft:wooden_axe":1},"minecraft:custom":{"minecraft:time_since_rest":364,"minecraft:sprint_one_cm":35043,"minecraft:damage_taken":463,"minecraft:walk_one_cm":111983,"minecraft:mob_kills":10,"minecraft:damage_dealt":888,"minecraft:interact_with_crafting_table":6,"minecraft:fly_one_cm":12031,"minecraft:play_one_minute":37490,"minecraft:deaths":1,"minecraft:sneak_time":448,"minecraft:jump":284,"minecraft:leave_game":4,"minecraft:time_since_death":0,"minecraft:damage_resisted":9,"minecraft:fall_one_cm":3979}},"DataVersion":1631}