{"stats":{"minecraft:killed":{"minecraft:pig":6,"minecraft:spider":4,"minecraft:sheep":11,"minecraft:skeleton":5,"minecraft:zombie":3,"minecraft:chicken":2,"minecraft:cow":21},"minecraft:crafted":{"minecraft:cooked_beef":11,"minecraft:cooked_porkchop":8,"minecraft:crafting_table":2,"minecraft:spruce_planks":156,"minecraft:spruce_button":2,"minecraft:wooden_pickaxe":2,"minecraft:iron_helmet":2,"minecraft:iron_sword":1,"minecraft:furnace":2,"minecraft:stone_axe":1,"minecraft:air":0,"minecraft:flint_and_steel":1,"minecraft:iron_boots":2,"minecraft:iron_chestplate":3,"minecraft:shield":2,"minecraft:iron_axe":1,"minecraft:stick":22,"minecraft:iron_ingot":54,"minecraft:iron_pickaxe":3,"minecraft:stone_pickaxe":3,"minecraft:wooden_axe":2,"minecraft:stone_sword":1,"minecraft:iron_leggings":3,"minecraft:spruce_boat":3,"minecraft:shears":1},"minecraft:custom":{"minecraft:interact_with_furnace":36,"minecraft:mob_kills":53,"minecraft:interact_with_crafting_table":26,"minecraft:play_one_minute":104447,"minecraft:leave_game":5,"minecraft:time_since_death":22358,"minecraft:sleep_in_bed":2,"minecraft:climb_one_cm":11503,"minecraft:time_since_rest":10358,"minecraft:sprint_one_cm":234271,"minecraft:damage_taken":1166,"minecraft:walk_one_cm":97941,"minecraft:damage_blocked_by_shield":465,"minecraft:drop":20,"minecraft:damage_dealt":6024,"minecraft:swim_one_cm":8215,"minecraft:fly_one_cm":334156,"minecraft:open_chest":10,"minecraft:crouch_one_cm":49760,"minecraft:deaths":1,"minecraft:sneak_time":19012,"minecraft:walk_under_water_one_cm":3025,"minecraft:boat_one_cm":38022,"minecraft:jump":2029,"minecraft:walk_on_water_one_cm":11770,"minecraft:fall_one_cm":47784},"minecraft:dropped":{"minecraft:gravel":24,"minecraft:lapis_lazuli":10,"minecraft:spruce_button":3,"minecraft:stick":2,"minecraft:dirt":2,"minecraft:grass":1,"minecraft:diorite":4,"minecraft:spruce_planks":4,"minecraft:wooden_axe":1,"minecraft:spider_eye":1,"minecraft:wooden_pickaxe":1,"minecraft:stone_pickaxe":3,"minecraft:iron_pickaxe":1},"minecraft:mined":{"minecraft:diamond_ore":5,"minecraft:brown_mushroom":1,"minecraft:jungle_leaves":6,"minecraft:crafting_table":11,"minecraft:granite":2,"minecraft:grass_block":5,"minecraft:melon":8,"minecraft:cobblestone":6,"minecraft:spruce_leaves":1,"minecraft:lapis_ore":15,"minecraft:sugar_cane":13,"minecraft:diorite":13,"minecraft:spawner":1,"minecraft:redstone_ore":14,"minecraft:furnace":3,"minecraft:iron_ore":149,"minecraft:wheat":1,"minecraft:spruce_log":84,"minecraft:andesite":27,"minecraft:birch_leaves":3,"minecraft:grass":16,"minecraft:coal_ore":98,"minecraft:vine":6,"minecraft:gravel":16,"minecraft:dirt":8,"minecraft:stone":359,"minecraft:gold_ore":10,"minecraft:oak_leaves":16,"minecraft:fern":3},"minecraft:killed_by":{"minecraft:creeper":1},"minecraft:used":{"minecraft:water_bucket":1,"minecraft:stone_sword":133,"minecraft:flint_and_steel":4,"minecraft:stone_pickaxe":248,"minecraft:spruce_planks":1,"minecraft:wooden_pickaxe":33,"minecraft:iron_sword":9,"minecraft:cooked_chicken":1,"minecraft:golden_apple":1,"minecraft:dirt":9,"minecraft:crafting_table":11,"minecraft:shears":12,"minecraft:spruce_boat":5,"minecraft:wooden_axe":19,"minecraft:iron_axe":92,"minecraft:melon_slice":4,"minecraft:iron_pickaxe":445,"minecraft:stone_axe":3,"minecraft:cobblestone":96,"minecraft:furnace":4,"minecraft:cooked_porkchop":8,"minecraft:bucket":2,"minecraft:andesite":5,"minecraft:cooked_beef":3},"minecraft:picked_up":{"minecraft:crafting_table":11,"minecraft:wheat":1,"minecraft:feather":2,"minecraft:chicken":2,"minecraft:andesite":34,"minecraft:leather":21,"minecraft:brown_mushroom":1,"minecraft:flint":1,"minecraft:dirt":11,"minecraft:lapis_lazuli":88,"minecraft:string":1,"minecraft:bone":3,"minecraft:wheat_seeds":2,"minecraft:spruce_planks":4,"minecraft:iron_ingot":48,"minecraft:beef":41,"minecraft:stone_pickaxe":1,"minecraft:cooked_chicken":1,"minecraft:iron_ore":151,"minecraft:jungle_sapling":1,"minecraft:iron_pickaxe":1,"minecraft:sugar_cane":18,"minecraft:melon_slice":41,"minecraft:furnace":3,"minecraft:gravel":30,"minecraft:porkchop":9,"minecraft:spruce_sapling":1,"minecraft:diorite":16,"minecraft:spruce_log":84,"minecraft:redstone":60,"minecraft:gold_ore":11,"minecraft:spider_eye":2,"minecraft:arrow":1,"minecraft:rotten_flesh":3,"minecraft:diamond":5,"minecraft:spruce_boat":2,"minecraft:granite":4,"minecraft:grass":1,"minecraft:spruce_button":2,"minecraft:mutton":18,"minecraft:coal":142,"minecraft:white_wool":21,"minecraft:cobblestone":383},"minecraft:broken":{"minecraft:iron_pickaxe":1}},"DataVersion":1631}