{"stats":{"minecraft:picked_up":{"minecraft:spruce_log":12},"minecraft:used":{"minecraft:crafting_table":1},"minecraft:crafted":{"minecraft:crafting_table":1,"minecraft:spruce_planks":48,"minecraft:stick":2,"minecraft:wooden_pickaxe":1,"minecraft:wooden_axe":1},"minecraft:mined":{"minecraft:spruce_log":12},"minecraft:custom":{"minecraft:jump":26,"minecraft:time_since_rest":12148,"minecraft:crouch_one_cm":4288,"minecraft:play_one_minute":12148,"minecraft:leave_game":2,"minecraft:sprint_one_cm":9028,"minecraft:time_since_death":12148,"minecraft:walk_one_cm":5885,"minecraft:sneak_time":1165,"minecraft:interact_with_crafting_table":2,"minecraft:fall_one_cm":209,"minecraft:fly_one_cm":4198}},"DataVersion":1631}