{"stats":{"minecraft:killed":{"minecraft:spider":5,"minecraft:skeleton":6,"minecraft:chicken":2,"minecraft:pig":6,"minecraft:creeper":1,"minecraft:sheep":11,"minecraft:zombie":3,"minecraft:cow":22},"minecraft:crafted":{"minecraft:spruce_button":2,"minecraft:cooked_chicken":16,"minecraft:furnace":2,"minecraft:white_carpet":3,"minecraft:flint_and_steel":1,"minecraft:iron_boots":2,"minecraft:iron_axe":2,"minecraft:stone_pickaxe":3,"minecraft:spruce_boat":3,"minecraft:redstone_block":12,"minecraft:cooked_beef":11,"minecraft:cooked_porkchop":19,"minecraft:crafting_table":4,"minecraft:spruce_planks":357,"minecraft:enchanting_table":1,"minecraft:iron_helmet":2,"minecraft:wooden_pickaxe":2,"minecraft:iron_sword":1,"minecraft:bucket":1,"minecraft:stone_axe":1,"minecraft:air":0,"minecraft:jungle_planks":64,"minecraft:spruce_trapdoor":70,"minecraft:iron_chestplate":3,"minecraft:book":6,"minecraft:paper":18,"minecraft:diamond_pickaxe":1,"minecraft:shield":2,"minecraft:stick":98,"minecraft:iron_ingot":100,"minecraft:iron_pickaxe":4,"minecraft:wooden_axe":2,"minecraft:stone_sword":1,"minecraft:iron_shovel":2,"minecraft:iron_leggings":3,"minecraft:shears":2},"minecraft:custom":{"minecraft:mob_kills":57,"minecraft:interact_with_crafting_table":52,"minecraft:leave_game":5,"minecraft:time_since_death":112756,"minecraft:climb_one_cm":11503,"minecraft:sprint_one_cm":497314,"minecraft:walk_one_cm":237745,"minecraft:damage_blocked_by_shield":480,"minecraft:drop":50,"minecraft:deaths":1,"minecraft:sneak_time":45486,"minecraft:walk_under_water_one_cm":4638,"minecraft:boat_one_cm":38022,"minecraft:jump":3200,"minecraft:walk_on_water_one_cm":26307,"minecraft:enchant_item":1,"minecraft:interact_with_furnace":51,"minecraft:play_one_minute":194845,"minecraft:sleep_in_bed":5,"minecraft:time_since_rest":12447,"minecraft:damage_taken":1528,"minecraft:damage_dealt":6842,"minecraft:swim_one_cm":9480,"minecraft:fly_one_cm":523375,"minecraft:open_chest":56,"minecraft:crouch_one_cm":158026,"minecraft:fall_one_cm":73326},"minecraft:dropped":{"minecraft:brown_mushroom":1,"minecraft:wheat_seeds":4,"minecraft:lapis_lazuli":10,"minecraft:granite":19,"minecraft:jungle_planks":32,"minecraft:spruce_button":4,"minecraft:stick":5,"minecraft:dirt":2,"minecraft:grass":1,"minecraft:diorite":46,"minecraft:wooden_axe":3,"minecraft:jungle_sapling":1,"minecraft:iron_pickaxe":2,"minecraft:white_wool":7,"minecraft:spruce_sapling":1,"minecraft:gravel":24,"minecraft:stone_axe":1,"minecraft:wheat":1,"minecraft:oak_planks":5,"minecraft:spruce_planks":8,"minecraft:andesite":2,"minecraft:spider_eye":1,"minecraft:arrow":2,"minecraft:beef":2,"minecraft:stone_pickaxe":5,"minecraft:wooden_pickaxe":2,"minecraft:enchanting_table":1},"minecraft:mined":{"minecraft:diamond_ore":15,"minecraft:spruce_planks":2,"minecraft:jungle_leaves":6,"minecraft:obsidian":14,"minecraft:spruce_trapdoor":3,"minecraft:granite":32,"minecraft:grass_block":128,"minecraft:spruce_leaves":9,"minecraft:spawner":1,"minecraft:redstone_ore":47,"minecraft:furnace":3,"minecraft:iron_ore":278,"minecraft:andesite":75,"minecraft:pumpkin":4,"minecraft:enchanting_table":1,"minecraft:vine":6,"minecraft:stone":975,"minecraft:redstone_block":1,"minecraft:brown_mushroom":1,"minecraft:crafting_table":12,"minecraft:melon":8,"minecraft:cobblestone":64,"minecraft:lapis_ore":17,"minecraft:oak_planks":6,"minecraft:sugar_cane":83,"minecraft:diorite":41,"minecraft:birch_planks":10,"minecraft:wheat":1,"minecraft:white_carpet":1,"minecraft:spruce_log":138,"minecraft:birch_leaves":3,"minecraft:grass":16,"minecraft:coal_ore":139,"minecraft:dirt":76,"minecraft:gravel":22,"minecraft:spruce_fence_gate":2,"minecraft:gold_ore":28,"minecraft:oak_leaves":16,"minecraft:birch_fence":13,"minecraft:fern":4},"minecraft:killed_by":{"minecraft:creeper":1},"minecraft:used":{"minecraft:enchanting_table":1,"minecraft:stone_sword":133,"minecraft:iron_shovel":168,"minecraft:flint_and_steel":4,"minecraft:spruce_planks":17,"minecraft:iron_sword":48,"minecraft:cooked_chicken":1,"minecraft:dirt":123,"minecraft:white_carpet":7,"minecraft:spruce_boat":5,"minecraft:wooden_axe":35,"minecraft:iron_axe":176,"minecraft:melon_seeds":2,"minecraft:furnace":4,"minecraft:cooked_beef":11,"minecraft:water_bucket":67,"minecraft:birch_planks":4,"minecraft:stone_pickaxe":266,"minecraft:oak_planks":3,"minecraft:wooden_pickaxe":33,"minecraft:redstone_block":1,"minecraft:spruce_fence_gate":6,"minecraft:sugar_cane":53,"minecraft:golden_apple":1,"minecraft:crafting_table":14,"minecraft:shears":12,"minecraft:birch_fence":25,"minecraft:diamond_pickaxe":556,"minecraft:melon_slice":4,"minecraft:iron_pickaxe":917,"minecraft:spruce_trapdoor":54,"minecraft:stone_axe":4,"minecraft:cobblestone":292,"minecraft:cooked_porkchop":10,"minecraft:andesite":5,"minecraft:bucket":68},"minecraft:picked_up":{"minecraft:wooden_axe":1,"minecraft:crafting_table":11,"minecraft:wheat":2,"minecraft:redstone_block":1,"minecraft:chicken":2,"minecraft:brown_mushroom":1,"minecraft:string":1,"minecraft:white_carpet":4,"minecraft:birch_fence":36,"minecraft:spruce_planks":13,"minecraft:beef":43,"minecraft:jungle_sapling":1,"minecraft:iron_pickaxe":1,"minecraft:melon_slice":41,"minecraft:sugar_cane":88,"minecraft:spruce_trapdoor":3,"minecraft:furnace":3,"minecraft:stick":66,"minecraft:porkchop":9,"minecraft:diorite":88,"minecraft:redstone":172,"minecraft:arrow":3,"minecraft:rotten_flesh":3,"minecraft:mutton":18,"minecraft:obsidian":14,"minecraft:white_wool":21,"minecraft:cobblestone":952,"minecraft:enchanting_table":2,"minecraft:feather":2,"minecraft:andesite":72,"minecraft:leather":22,"minecraft:birch_planks":6,"minecraft:flint":1,"minecraft:lapis_lazuli":101,"minecraft:dirt":162,"minecraft:bone":5,"minecraft:wheat_seeds":7,"minecraft:iron_ingot":48,"minecraft:stone_pickaxe":2,"minecraft:cooked_chicken":1,"minecraft:iron_ore":268,"minecraft:oak_planks":17,"minecraft:book":5,"minecraft:pumpkin":4,"minecraft:jungle_planks":64,"minecraft:gravel":35,"minecraft:spruce_sapling":4,"minecraft:spruce_log":135,"minecraft:gold_ore":31,"minecraft:spider_eye":2,"minecraft:spruce_fence_gate":6,"minecraft:diamond":15,"minecraft:spruce_boat":2,"minecraft:granite":19,"minecraft:grass":1,"minecraft:spruce_button":2,"minecraft:melon_seeds":2,"minecraft:coal":182},"minecraft:broken":{"minecraft:iron_pickaxe":2}},"DataVersion":1631}