{"stats":{"minecraft:killed":{"minecraft:spider":5,"minecraft:skeleton":6,"minecraft:chicken":2,"minecraft:pig":6,"minecraft:creeper":1,"minecraft:sheep":11,"minecraft:zombie":3,"minecraft:cow":22},"minecraft:crafted":{"minecraft:spruce_button":2,"minecraft:cooked_chicken":16,"minecraft:furnace":2,"minecraft:flint_and_steel":1,"minecraft:iron_boots":2,"minecraft:iron_axe":1,"minecraft:stone_pickaxe":3,"minecraft:spruce_boat":3,"minecraft:redstone_block":12,"minecraft:cooked_beef":11,"minecraft:cooked_porkchop":19,"minecraft:crafting_table":4,"minecraft:spruce_planks":156,"minecraft:enchanting_table":1,"minecraft:iron_helmet":2,"minecraft:wooden_pickaxe":2,"minecraft:iron_sword":1,"minecraft:bucket":1,"minecraft:stone_axe":1,"minecraft:air":0,"minecraft:spruce_trapdoor":10,"minecraft:iron_chestplate":3,"minecraft:book":6,"minecraft:paper":18,"minecraft:diamond_pickaxe":1,"minecraft:shield":2,"minecraft:stick":30,"minecraft:iron_ingot":100,"minecraft:iron_pickaxe":4,"minecraft:wooden_axe":2,"minecraft:stone_sword":1,"minecraft:iron_shovel":2,"minecraft:iron_leggings":3,"minecraft:shears":2},"minecraft:custom":{"minecraft:mob_kills":57,"minecraft:interact_with_crafting_table":40,"minecraft:leave_game":5,"minecraft:time_since_death":76078,"minecraft:climb_one_cm":11503,"minecraft:sprint_one_cm":365614,"minecraft:walk_one_cm":151130,"minecraft:damage_blocked_by_shield":480,"minecraft:drop":30,"minecraft:deaths":1,"minecraft:sneak_time":37728,"minecraft:walk_under_water_one_cm":4368,"minecraft:boat_one_cm":38022,"minecraft:jump":2679,"minecraft:walk_on_water_one_cm":23794,"minecraft:enchant_item":1,"minecraft:interact_with_furnace":51,"minecraft:play_one_minute":158167,"minecraft:sleep_in_bed":4,"minecraft:time_since_rest":9550,"minecraft:damage_taken":1428,"minecraft:damage_dealt":6792,"minecraft:swim_one_cm":8502,"minecraft:fly_one_cm":423296,"minecraft:open_chest":38,"minecraft:crouch_one_cm":125143,"minecraft:fall_one_cm":60332},"minecraft:dropped":{"minecraft:lapis_lazuli":10,"minecraft:granite":19,"minecraft:spruce_button":4,"minecraft:stick":3,"minecraft:dirt":2,"minecraft:grass":1,"minecraft:diorite":4,"minecraft:wooden_axe":1,"minecraft:jungle_sapling":1,"minecraft:iron_pickaxe":2,"minecraft:spruce_sapling":1,"minecraft:gravel":24,"minecraft:stone_axe":1,"minecraft:spruce_planks":4,"minecraft:spider_eye":1,"minecraft:stone_pickaxe":5,"minecraft:wooden_pickaxe":2},"minecraft:mined":{"minecraft:diamond_ore":15,"minecraft:jungle_leaves":6,"minecraft:obsidian":14,"minecraft:granite":32,"minecraft:grass_block":80,"minecraft:spruce_leaves":1,"minecraft:spawner":1,"minecraft:redstone_ore":47,"minecraft:furnace":3,"minecraft:iron_ore":278,"minecraft:andesite":75,"minecraft:enchanting_table":1,"minecraft:vine":6,"minecraft:stone":910,"minecraft:redstone_block":1,"minecraft:brown_mushroom":1,"minecraft:crafting_table":12,"minecraft:melon":8,"minecraft:cobblestone":33,"minecraft:lapis_ore":17,"minecraft:sugar_cane":37,"minecraft:diorite":41,"minecraft:wheat":1,"minecraft:spruce_log":84,"minecraft:birch_leaves":3,"minecraft:grass":16,"minecraft:coal_ore":139,"minecraft:dirt":53,"minecraft:gravel":22,"minecraft:gold_ore":28,"minecraft:oak_leaves":16,"minecraft:fern":4},"minecraft:killed_by":{"minecraft:creeper":1},"minecraft:used":{"minecraft:enchanting_table":1,"minecraft:stone_sword":133,"minecraft:iron_shovel":110,"minecraft:flint_and_steel":4,"minecraft:spruce_planks":1,"minecraft:iron_sword":45,"minecraft:cooked_chicken":1,"minecraft:dirt":74,"minecraft:spruce_boat":5,"minecraft:wooden_axe":19,"minecraft:iron_axe":92,"minecraft:furnace":4,"minecraft:cooked_beef":9,"minecraft:water_bucket":9,"minecraft:stone_pickaxe":266,"minecraft:wooden_pickaxe":33,"minecraft:redstone_block":1,"minecraft:sugar_cane":7,"minecraft:golden_apple":1,"minecraft:crafting_table":14,"minecraft:shears":12,"minecraft:diamond_pickaxe":459,"minecraft:melon_slice":4,"minecraft:iron_pickaxe":917,"minecraft:spruce_trapdoor":10,"minecraft:stone_axe":4,"minecraft:cobblestone":265,"minecraft:cooked_porkchop":8,"minecraft:andesite":5,"minecraft:bucket":11},"minecraft:picked_up":{"minecraft:crafting_table":11,"minecraft:wheat":1,"minecraft:redstone_block":1,"minecraft:chicken":2,"minecraft:brown_mushroom":1,"minecraft:string":1,"minecraft:spruce_planks":4,"minecraft:beef":43,"minecraft:jungle_sapling":1,"minecraft:iron_pickaxe":1,"minecraft:melon_slice":41,"minecraft:sugar_cane":43,"minecraft:furnace":3,"minecraft:porkchop":9,"minecraft:diorite":46,"minecraft:redstone":172,"minecraft:arrow":1,"minecraft:rotten_flesh":3,"minecraft:mutton":18,"minecraft:obsidian":14,"minecraft:white_wool":21,"minecraft:cobblestone":880,"minecraft:enchanting_table":1,"minecraft:feather":2,"minecraft:andesite":70,"minecraft:leather":22,"minecraft:flint":1,"minecraft:lapis_lazuli":101,"minecraft:dirt":104,"minecraft:bone":5,"minecraft:wheat_seeds":3,"minecraft:iron_ingot":48,"minecraft:stone_pickaxe":2,"minecraft:cooked_chicken":1,"minecraft:iron_ore":268,"minecraft:gravel":35,"minecraft:spruce_sapling":2,"minecraft:spruce_log":84,"minecraft:gold_ore":31,"minecraft:spider_eye":2,"minecraft:diamond":15,"minecraft:spruce_boat":2,"minecraft:granite":19,"minecraft:grass":1,"minecraft:spruce_button":2,"minecraft:coal":182},"minecraft:broken":{"minecraft:iron_pickaxe":2}},"DataVersion":1631}