{"stats":{"minecraft:killed":{"minecraft:pig":6,"minecraft:spider":4,"minecraft:sheep":11,"minecraft:skeleton":3,"minecraft:zombie":3,"minecraft:chicken":2,"minecraft:cow":21},"minecraft:crafted":{"minecraft:cooked_beef":11,"minecraft:cooked_porkchop":8,"minecraft:crafting_table":2,"minecraft:spruce_planks":156,"minecraft:spruce_button":2,"minecraft:wooden_pickaxe":2,"minecraft:iron_helmet":1,"minecraft:furnace":2,"minecraft:stone_axe":1,"minecraft:air":0,"minecraft:flint_and_steel":1,"minecraft:iron_boots":1,"minecraft:iron_chestplate":2,"minecraft:shield":1,"minecraft:iron_axe":1,"minecraft:stick":18,"minecraft:iron_ingot":54,"minecraft:iron_pickaxe":1,"minecraft:stone_pickaxe":3,"minecraft:wooden_axe":2,"minecraft:stone_sword":1,"minecraft:iron_leggings":2,"minecraft:spruce_boat":3,"minecraft:shears":1},"minecraft:custom":{"minecraft:interact_with_furnace":36,"minecraft:mob_kills":51,"minecraft:interact_with_crafting_table":23,"minecraft:play_one_minute":92108,"minecraft:leave_game":5,"minecraft:time_since_death":10019,"minecraft:climb_one_cm":11503,"minecraft:time_since_rest":10060,"minecraft:sprint_one_cm":208096,"minecraft:damage_taken":920,"minecraft:walk_one_cm":81629,"minecraft:damage_blocked_by_shield":200,"minecraft:drop":20,"minecraft:damage_dealt":5343,"minecraft:swim_one_cm":8133,"minecraft:fly_one_cm":303380,"minecraft:open_chest":10,"minecraft:crouch_one_cm":37913,"minecraft:deaths":1,"minecraft:sneak_time":14465,"minecraft:walk_under_water_one_cm":2074,"minecraft:boat_one_cm":38022,"minecraft:jump":1843,"minecraft:walk_on_water_one_cm":11550,"minecraft:fall_one_cm":45715},"minecraft:dropped":{"minecraft:gravel":24,"minecraft:lapis_lazuli":10,"minecraft:spruce_button":3,"minecraft:stick":2,"minecraft:dirt":2,"minecraft:grass":1,"minecraft:diorite":4,"minecraft:spruce_planks":4,"minecraft:wooden_axe":1,"minecraft:spider_eye":1,"minecraft:wooden_pickaxe":1,"minecraft:stone_pickaxe":3,"minecraft:iron_pickaxe":1},"minecraft:mined":{"minecraft:brown_mushroom":1,"minecraft:jungle_leaves":6,"minecraft:crafting_table":9,"minecraft:grass_block":3,"minecraft:melon":8,"minecraft:cobblestone":3,"minecraft:spruce_leaves":1,"minecraft:lapis_ore":13,"minecraft:sugar_cane":13,"minecraft:diorite":2,"minecraft:spawner":1,"minecraft:redstone_ore":3,"minecraft:furnace":3,"minecraft:iron_ore":121,"minecraft:wheat":1,"minecraft:spruce_log":84,"minecraft:andesite":5,"minecraft:birch_leaves":3,"minecraft:grass":16,"minecraft:coal_ore":81,"minecraft:vine":6,"minecraft:gravel":13,"minecraft:dirt":5,"minecraft:stone":216,"minecraft:gold_ore":6,"minecraft:oak_leaves":16,"minecraft:fern":3},"minecraft:killed_by":{"minecraft:creeper":1},"minecraft:used":{"minecraft:water_bucket":1,"minecraft:stone_sword":133,"minecraft:flint_and_steel":4,"minecraft:stone_pickaxe":247,"minecraft:spruce_planks":1,"minecraft:wooden_pickaxe":33,"minecraft:cooked_chicken":1,"minecraft:golden_apple":1,"minecraft:dirt":4,"minecraft:crafting_table":10,"minecraft:shears":12,"minecraft:spruce_boat":5,"minecraft:wooden_axe":19,"minecraft:iron_axe":92,"minecraft:melon_slice":4,"minecraft:iron_pickaxe":191,"minecraft:cobblestone":72,"minecraft:furnace":4,"minecraft:cooked_porkchop":8,"minecraft:bucket":2,"minecraft:andesite":5,"minecraft:cooked_beef":1},"minecraft:picked_up":{"minecraft:crafting_table":9,"minecraft:wheat":1,"minecraft:feather":2,"minecraft:chicken":2,"minecraft:andesite":5,"minecraft:leather":21,"minecraft:brown_mushroom":1,"minecraft:flint":1,"minecraft:dirt":6,"minecraft:lapis_lazuli":74,"minecraft:string":1,"minecraft:wheat_seeds":2,"minecraft:spruce_planks":4,"minecraft:iron_ingot":48,"minecraft:beef":41,"minecraft:stone_pickaxe":1,"minecraft:cooked_chicken":1,"minecraft:iron_ore":122,"minecraft:jungle_sapling":1,"minecraft:iron_pickaxe":1,"minecraft:sugar_cane":18,"minecraft:melon_slice":41,"minecraft:furnace":3,"minecraft:gravel":24,"minecraft:porkchop":9,"minecraft:spruce_sapling":1,"minecraft:diorite":4,"minecraft:spruce_log":84,"minecraft:redstone":13,"minecraft:gold_ore":6,"minecraft:spider_eye":2,"minecraft:rotten_flesh":3,"minecraft:spruce_boat":2,"minecraft:grass":1,"minecraft:spruce_button":2,"minecraft:mutton":18,"minecraft:coal":123,"minecraft:white_wool":21,"minecraft:cobblestone":215}},"DataVersion":1631}