{"stats":{"minecraft:killed":{"minecraft:pig":6,"minecraft:spider":5,"minecraft:creeper":1,"minecraft:sheep":11,"minecraft:skeleton":6,"minecraft:zombie":3,"minecraft:chicken":2,"minecraft:cow":22},"minecraft:crafted":{"minecraft:cooked_beef":11,"minecraft:cooked_porkchop":19,"minecraft:crafting_table":4,"minecraft:enchanting_table":1,"minecraft:spruce_planks":156,"minecraft:cooked_chicken":16,"minecraft:spruce_button":2,"minecraft:wooden_pickaxe":2,"minecraft:iron_helmet":2,"minecraft:iron_sword":1,"minecraft:furnace":2,"minecraft:bucket":1,"minecraft:stone_axe":1,"minecraft:air":0,"minecraft:flint_and_steel":1,"minecraft:book":6,"minecraft:paper":18,"minecraft:diamond_pickaxe":1,"minecraft:iron_boots":2,"minecraft:iron_chestplate":3,"minecraft:shield":2,"minecraft:iron_axe":1,"minecraft:stick":26,"minecraft:iron_ingot":100,"minecraft:iron_pickaxe":4,"minecraft:stone_pickaxe":3,"minecraft:wooden_axe":2,"minecraft:stone_sword":1,"minecraft:iron_leggings":3,"minecraft:redstone_block":12,"minecraft:spruce_boat":3,"minecraft:shears":2},"minecraft:custom":{"minecraft:interact_with_furnace":50,"minecraft:mob_kills":57,"minecraft:interact_with_crafting_table":36,"minecraft:play_one_minute":146447,"minecraft:leave_game":5,"minecraft:time_since_death":64358,"minecraft:sleep_in_bed":3,"minecraft:climb_one_cm":11503,"minecraft:time_since_rest":14399,"minecraft:sprint_one_cm":321587,"minecraft:damage_taken":1398,"minecraft:walk_one_cm":130736,"minecraft:damage_blocked_by_shield":480,"minecraft:drop":30,"minecraft:damage_dealt":6792,"minecraft:swim_one_cm":8502,"minecraft:fly_one_cm":404129,"minecraft:open_chest":36,"minecraft:crouch_one_cm":105782,"minecraft:deaths":1,"minecraft:sneak_time":34188,"minecraft:walk_under_water_one_cm":4368,"minecraft:boat_one_cm":38022,"minecraft:jump":2575,"minecraft:walk_on_water_one_cm":23553,"minecraft:enchant_item":1,"minecraft:fall_one_cm":57329},"minecraft:dropped":{"minecraft:gravel":24,"minecraft:stone_axe":1,"minecraft:lapis_lazuli":10,"minecraft:granite":19,"minecraft:spruce_button":4,"minecraft:stick":3,"minecraft:dirt":2,"minecraft:grass":1,"minecraft:diorite":4,"minecraft:spruce_planks":4,"minecraft:wooden_axe":1,"minecraft:jungle_sapling":1,"minecraft:spider_eye":1,"minecraft:wooden_pickaxe":2,"minecraft:stone_pickaxe":5,"minecraft:iron_pickaxe":2,"minecraft:spruce_sapling":1},"minecraft:mined":{"minecraft:diamond_ore":15,"minecraft:redstone_block":1,"minecraft:brown_mushroom":1,"minecraft:jungle_leaves":6,"minecraft:obsidian":14,"minecraft:crafting_table":12,"minecraft:granite":32,"minecraft:grass_block":6,"minecraft:melon":8,"minecraft:cobblestone":22,"minecraft:spruce_leaves":1,"minecraft:lapis_ore":17,"minecraft:sugar_cane":30,"minecraft:diorite":41,"minecraft:spawner":1,"minecraft:redstone_ore":47,"minecraft:furnace":3,"minecraft:iron_ore":278,"minecraft:wheat":1,"minecraft:spruce_log":84,"minecraft:andesite":75,"minecraft:birch_leaves":3,"minecraft:enchanting_table":1,"minecraft:grass":16,"minecraft:coal_ore":139,"minecraft:vine":6,"minecraft:gravel":22,"minecraft:dirt":14,"minecraft:stone":836,"minecraft:gold_ore":28,"minecraft:oak_leaves":16,"minecraft:fern":3},"minecraft:killed_by":{"minecraft:creeper":1},"minecraft:used":{"minecraft:water_bucket":4,"minecraft:enchanting_table":1,"minecraft:stone_sword":133,"minecraft:flint_and_steel":4,"minecraft:stone_pickaxe":266,"minecraft:spruce_planks":1,"minecraft:wooden_pickaxe":33,"minecraft:iron_sword":41,"minecraft:redstone_block":1,"minecraft:cooked_chicken":1,"minecraft:golden_apple":1,"minecraft:dirt":9,"minecraft:crafting_table":14,"minecraft:shears":12,"minecraft:spruce_boat":5,"minecraft:wooden_axe":19,"minecraft:diamond_pickaxe":371,"minecraft:iron_axe":92,"minecraft:melon_slice":4,"minecraft:iron_pickaxe":917,"minecraft:stone_axe":4,"minecraft:cobblestone":254,"minecraft:furnace":4,"minecraft:cooked_porkchop":8,"minecraft:bucket":6,"minecraft:andesite":5,"minecraft:cooked_beef":8},"minecraft:picked_up":{"minecraft:enchanting_table":1,"minecraft:crafting_table":11,"minecraft:wheat":1,"minecraft:feather":2,"minecraft:redstone_block":1,"minecraft:chicken":2,"minecraft:andesite":70,"minecraft:leather":22,"minecraft:brown_mushroom":1,"minecraft:flint":1,"minecraft:dirt":11,"minecraft:lapis_lazuli":101,"minecraft:string":1,"minecraft:bone":5,"minecraft:wheat_seeds":3,"minecraft:spruce_planks":4,"minecraft:iron_ingot":48,"minecraft:beef":43,"minecraft:stone_pickaxe":2,"minecraft:cooked_chicken":1,"minecraft:iron_ore":268,"minecraft:jungle_sapling":1,"minecraft:iron_pickaxe":1,"minecraft:sugar_cane":36,"minecraft:melon_slice":41,"minecraft:furnace":3,"minecraft:gravel":35,"minecraft:porkchop":9,"minecraft:spruce_sapling":2,"minecraft:diorite":46,"minecraft:spruce_log":84,"minecraft:redstone":172,"minecraft:gold_ore":31,"minecraft:spider_eye":2,"minecraft:arrow":1,"minecraft:rotten_flesh":3,"minecraft:diamond":15,"minecraft:spruce_boat":2,"minecraft:granite":19,"minecraft:grass":1,"minecraft:spruce_button":2,"minecraft:obsidian":14,"minecraft:mutton":18,"minecraft:coal":182,"minecraft:white_wool":21,"minecraft:cobblestone":811},"minecraft:broken":{"minecraft:iron_pickaxe":2}},"DataVersion":1631}