{"stats":{"minecraft:picked_up":{"minecraft:crafting_table":3,"minecraft:feather":2,"minecraft:chicken":2,"minecraft:andesite":5,"minecraft:leather":5,"minecraft:flint":1,"minecraft:lapis_lazuli":74,"minecraft:dirt":1,"minecraft:beef":6,"minecraft:stone_pickaxe":1,"minecraft:cooked_chicken":1,"minecraft:iron_ore":54,"minecraft:furnace":2,"minecraft:gravel":12,"minecraft:porkchop":9,"minecraft:diorite":2,"minecraft:spruce_log":51,"minecraft:gold_ore":6,"minecraft:redstone":13,"minecraft:spider_eye":1,"minecraft:spruce_button":1,"minecraft:coal":123,"minecraft:cobblestone":193},"minecraft:used":{"minecraft:water_bucket":1,"minecraft:stone_sword":25,"minecraft:flint_and_steel":4,"minecraft:stone_pickaxe":247,"minecraft:spruce_planks":1,"minecraft:wooden_pickaxe":33,"minecraft:cooked_chicken":1,"minecraft:crafting_table":4,"minecraft:wooden_axe":10,"minecraft:iron_axe":37,"minecraft:iron_pickaxe":100,"minecraft:cobblestone":63,"minecraft:furnace":3,"minecraft:cooked_porkchop":2,"minecraft:bucket":2,"minecraft:andesite":5},"minecraft:custom":{"minecraft:interact_with_furnace":25,"minecraft:mob_kills":14,"minecraft:interact_with_crafting_table":14,"minecraft:play_one_minute":50108,"minecraft:leave_game":5,"minecraft:time_since_death":50108,"minecraft:time_since_rest":2450,"minecraft:sprint_one_cm":61352,"minecraft:damage_taken":114,"minecraft:walk_one_cm":39803,"minecraft:drop":6,"minecraft:damage_dealt":1183,"minecraft:fly_one_cm":70202,"minecraft:open_chest":3,"minecraft:crouch_one_cm":26394,"minecraft:sneak_time":10368,"minecraft:jump":543,"minecraft:walk_on_water_one_cm":2454,"minecraft:fall_one_cm":11044},"minecraft:dropped":{"minecraft:spruce_button":1,"minecraft:wooden_axe":1,"minecraft:spider_eye":1,"minecraft:stone_pickaxe":3},"minecraft:crafted":{"minecraft:cooked_porkchop":8,"minecraft:crafting_table":1,"minecraft:spruce_planks":76,"minecraft:spruce_button":1,"minecraft:wooden_pickaxe":1,"minecraft:iron_helmet":1,"minecraft:furnace":2,"minecraft:air":0,"minecraft:flint_and_steel":1,"minecraft:iron_boots":1,"minecraft:iron_chestplate":1,"minecraft:shield":1,"minecraft:iron_axe":1,"minecraft:stick":14,"minecraft:iron_ingot":52,"minecraft:iron_pickaxe":1,"minecraft:stone_pickaxe":2,"minecraft:wooden_axe":1,"minecraft:stone_sword":1,"minecraft:iron_leggings":2},"minecraft:mined":{"minecraft:crafting_table":3,"minecraft:grass_block":2,"minecraft:cobblestone":3,"minecraft:lapis_ore":13,"minecraft:diorite":2,"minecraft:spawner":1,"minecraft:redstone_ore":3,"minecraft:furnace":2,"minecraft:iron_ore":52,"minecraft:spruce_log":51,"minecraft:andesite":5,"minecraft:grass":1,"minecraft:coal_ore":81,"minecraft:gravel":13,"minecraft:dirt":2,"minecraft:stone":195,"minecraft:gold_ore":6,"minecraft:fern":1},"minecraft:killed":{"minecraft:pig":6,"minecraft:spider":1,"minecraft:chicken":2,"minecraft:cow":4}},"DataVersion":1631}