{"stats":{"minecraft:killed":{"minecraft:spider":6,"minecraft:skeleton":10,"minecraft:chicken":2,"minecraft:pig":6,"minecraft:creeper":1,"minecraft:sheep":11,"minecraft:zombie":4,"minecraft:blaze":2,"minecraft:cow":22},"minecraft:crafted":{"minecraft:spruce_button":2,"minecraft:cooked_chicken":16,"minecraft:furnace":2,"minecraft:bone_meal":21,"minecraft:white_carpet":3,"minecraft:flint_and_steel":1,"minecraft:iron_boots":2,"minecraft:iron_axe":2,"minecraft:stone_pickaxe":3,"minecraft:chest":1,"minecraft:spruce_boat":3,"minecraft:redstone_block":12,"minecraft:cooked_beef":11,"minecraft:cooked_porkchop":19,"minecraft:crafting_table":5,"minecraft:spruce_planks":385,"minecraft:enchanting_table":1,"minecraft:iron_helmet":2,"minecraft:wooden_pickaxe":2,"minecraft:iron_sword":1,"minecraft:bucket":1,"minecraft:stone_axe":1,"minecraft:air":0,"minecraft:jungle_planks":64,"minecraft:spruce_trapdoor":70,"minecraft:iron_chestplate":3,"minecraft:book":6,"minecraft:paper":18,"minecraft:diamond_pickaxe":1,"minecraft:shield":2,"minecraft:stick":98,"minecraft:iron_ingot":152,"minecraft:iron_pickaxe":4,"minecraft:wooden_axe":2,"minecraft:stone_sword":1,"minecraft:gold_ingot":25,"minecraft:iron_shovel":2,"minecraft:iron_leggings":3,"minecraft:torch":112,"minecraft:shears":2},"minecraft:custom":{"minecraft:mob_kills":65,"minecraft:animals_bred":3,"minecraft:interact_with_crafting_table":57,"minecraft:leave_game":5,"minecraft:time_since_death":152574,"minecraft:climb_one_cm":11503,"minecraft:sprint_one_cm":660535,"minecraft:walk_one_cm":327567,"minecraft:damage_blocked_by_shield":1300,"minecraft:drop":53,"minecraft:damage_dealt_absorbed":39,"minecraft:deaths":1,"minecraft:sneak_time":53077,"minecraft:walk_under_water_one_cm":5561,"minecraft:boat_one_cm":38022,"minecraft:jump":3902,"minecraft:walk_on_water_one_cm":28236,"minecraft:enchant_item":1,"minecraft:interact_with_furnace":61,"minecraft:play_one_minute":234663,"minecraft:sleep_in_bed":6,"minecraft:time_since_rest":37049,"minecraft:damage_taken":2538,"minecraft:damage_dealt":8446,"minecraft:swim_one_cm":9920,"minecraft:fly_one_cm":671186,"minecraft:open_chest":76,"minecraft:crouch_one_cm":188938,"minecraft:fall_one_cm":83531},"minecraft:dropped":{"minecraft:brown_mushroom":1,"minecraft:wheat_seeds":4,"minecraft:lapis_lazuli":10,"minecraft:granite":19,"minecraft:jungle_planks":32,"minecraft:spruce_button":4,"minecraft:stick":5,"minecraft:dirt":2,"minecraft:grass":1,"minecraft:diorite":46,"minecraft:wooden_axe":3,"minecraft:jungle_sapling":1,"minecraft:iron_pickaxe":2,"minecraft:white_wool":7,"minecraft:spruce_sapling":1,"minecraft:gravel":24,"minecraft:stone_axe":1,"minecraft:wheat":1,"minecraft:oak_planks":14,"minecraft:spruce_planks":18,"minecraft:andesite":2,"minecraft:spider_eye":1,"minecraft:spruce_log":64,"minecraft:arrow":2,"minecraft:beef":2,"minecraft:stone_pickaxe":5,"minecraft:wooden_pickaxe":2,"minecraft:enchanting_table":1},"minecraft:mined":{"minecraft:diamond_ore":15,"minecraft:spruce_planks":2,"minecraft:attached_melon_stem":1,"minecraft:farmland":7,"minecraft:jungle_leaves":6,"minecraft:obsidian":14,"minecraft:spruce_trapdoor":3,"minecraft:nether_bricks":43,"minecraft:granite":35,"minecraft:grass_block":128,"minecraft:spruce_leaves":15,"minecraft:spawner":1,"minecraft:redstone_ore":47,"minecraft:furnace":3,"minecraft:carrots":20,"minecraft:iron_ore":278,"minecraft:andesite":79,"minecraft:pumpkin":4,"minecraft:enchanting_table":1,"minecraft:vine":6,"minecraft:stone":1073,"minecraft:redstone_block":1,"minecraft:brown_mushroom":1,"minecraft:soul_sand":19,"minecraft:crafting_table":12,"minecraft:melon":8,"minecraft:cobblestone":87,"minecraft:lapis_ore":17,"minecraft:oak_planks":6,"minecraft:sugar_cane":148,"minecraft:diorite":41,"minecraft:wall_torch":14,"minecraft:birch_planks":10,"minecraft:wheat":23,"minecraft:white_carpet":1,"minecraft:spruce_log":226,"minecraft:birch_leaves":3,"minecraft:grass":16,"minecraft:coal_ore":139,"minecraft:dirt":92,"minecraft:gravel":22,"minecraft:spruce_fence_gate":2,"minecraft:netherrack":17,"minecraft:gold_ore":28,"minecraft:oak_leaves":16,"minecraft:birch_fence":14,"minecraft:fern":5},"minecraft:killed_by":{"minecraft:creeper":1},"minecraft:used":{"minecraft:enchanting_table":1,"minecraft:stone_sword":133,"minecraft:iron_shovel":191,"minecraft:flint_and_steel":4,"minecraft:chest":1,"minecraft:spruce_planks":29,"minecraft:iron_sword":137,"minecraft:cooked_chicken":17,"minecraft:torch":45,"minecraft:dirt":123,"minecraft:white_carpet":7,"minecraft:nether_bricks":16,"minecraft:carrot":24,"minecraft:spruce_boat":5,"minecraft:wooden_axe":35,"minecraft:iron_axe":281,"minecraft:melon_seeds":2,"minecraft:furnace":4,"minecraft:egg":1,"minecraft:cooked_beef":11,"minecraft:wheat_seeds":15,"minecraft:water_bucket":67,"minecraft:birch_planks":4,"minecraft:stone_pickaxe":266,"minecraft:oak_planks":3,"minecraft:wooden_pickaxe":33,"minecraft:redstone_block":1,"minecraft:spruce_fence_gate":6,"minecraft:sugar_cane":55,"minecraft:golden_apple":1,"minecraft:crafting_table":15,"minecraft:shears":12,"minecraft:birch_fence":26,"minecraft:diamond_pickaxe":750,"minecraft:diamond_shovel":19,"minecraft:melon_slice":4,"minecraft:iron_pickaxe":917,"minecraft:spruce_trapdoor":54,"minecraft:stone_axe":4,"minecraft:cobblestone":408,"minecraft:cooked_porkchop":13,"minecraft:andesite":5,"minecraft:bucket":68},"minecraft:picked_up":{"minecraft:wooden_axe":1,"minecraft:crafting_table":11,"minecraft:wheat":21,"minecraft:redstone_block":1,"minecraft:chicken":2,"minecraft:brown_mushroom":1,"minecraft:string":2,"minecraft:white_carpet":4,"minecraft:birch_fence":37,"minecraft:spruce_planks":13,"minecraft:beef":43,"minecraft:jungle_sapling":1,"minecraft:iron_pickaxe":1,"minecraft:melon_slice":41,"minecraft:sugar_cane":147,"minecraft:egg":1,"minecraft:spruce_trapdoor":3,"minecraft:furnace":3,"minecraft:stick":66,"minecraft:torch":15,"minecraft:porkchop":9,"minecraft:diorite":88,"minecraft:carrot":42,"minecraft:redstone":172,"minecraft:arrow":6,"minecraft:rotten_flesh":4,"minecraft:nether_bricks":42,"minecraft:saddle":1,"minecraft:blaze_rod":2,"minecraft:mutton":18,"minecraft:obsidian":14,"minecraft:white_wool":21,"minecraft:cobblestone":1081,"minecraft:enchanting_table":2,"minecraft:feather":2,"minecraft:andesite":76,"minecraft:leather":22,"minecraft:birch_planks":6,"minecraft:flint":1,"minecraft:lapis_lazuli":101,"minecraft:dirt":177,"minecraft:bone":11,"minecraft:wheat_seeds":55,"minecraft:iron_ingot":48,"minecraft:stone_pickaxe":2,"minecraft:cooked_chicken":1,"minecraft:iron_ore":268,"minecraft:soul_sand":19,"minecraft:oak_planks":17,"minecraft:book":5,"minecraft:pumpkin":4,"minecraft:jungle_planks":64,"minecraft:gravel":35,"minecraft:spruce_sapling":9,"minecraft:spruce_log":221,"minecraft:gold_ore":31,"minecraft:spider_eye":2,"minecraft:diamond_shovel":1,"minecraft:spruce_fence_gate":6,"minecraft:diamond":15,"minecraft:spruce_boat":2,"minecraft:granite":19,"minecraft:grass":1,"minecraft:spruce_button":2,"minecraft:netherrack":11,"minecraft:melon_seeds":2,"minecraft:coal":182},"minecraft:broken":{"minecraft:iron_pickaxe":2}},"DataVersion":1631}