{"stats":{"minecraft:killed":{"minecraft:pig":6,"minecraft:spider":4,"minecraft:sheep":11,"minecraft:skeleton":6,"minecraft:zombie":3,"minecraft:chicken":2,"minecraft:cow":21},"minecraft:crafted":{"minecraft:cooked_beef":11,"minecraft:cooked_porkchop":8,"minecraft:crafting_table":4,"minecraft:spruce_planks":156,"minecraft:spruce_button":2,"minecraft:wooden_pickaxe":2,"minecraft:iron_helmet":2,"minecraft:iron_sword":1,"minecraft:furnace":2,"minecraft:bucket":1,"minecraft:stone_axe":1,"minecraft:air":0,"minecraft:flint_and_steel":1,"minecraft:diamond_pickaxe":1,"minecraft:iron_boots":2,"minecraft:iron_chestplate":3,"minecraft:shield":2,"minecraft:iron_axe":1,"minecraft:stick":26,"minecraft:iron_ingot":54,"minecraft:iron_pickaxe":4,"minecraft:stone_pickaxe":3,"minecraft:wooden_axe":2,"minecraft:stone_sword":1,"minecraft:iron_leggings":3,"minecraft:redstone_block":12,"minecraft:spruce_boat":3,"minecraft:shears":1},"minecraft:custom":{"minecraft:interact_with_furnace":36,"minecraft:mob_kills":54,"minecraft:interact_with_crafting_table":31,"minecraft:play_one_minute":122447,"minecraft:leave_game":5,"minecraft:time_since_death":40358,"minecraft:sleep_in_bed":2,"minecraft:climb_one_cm":11503,"minecraft:time_since_rest":8147,"minecraft:sprint_one_cm":265530,"minecraft:damage_taken":1369,"minecraft:walk_one_cm":110634,"minecraft:damage_blocked_by_shield":465,"minecraft:drop":25,"minecraft:damage_dealt":6250,"minecraft:swim_one_cm":8215,"minecraft:fly_one_cm":364312,"minecraft:open_chest":10,"minecraft:crouch_one_cm":83925,"minecraft:deaths":1,"minecraft:sneak_time":29602,"minecraft:walk_under_water_one_cm":3025,"minecraft:boat_one_cm":38022,"minecraft:jump":2284,"minecraft:walk_on_water_one_cm":14618,"minecraft:fall_one_cm":53116},"minecraft:dropped":{"minecraft:gravel":24,"minecraft:lapis_lazuli":10,"minecraft:granite":19,"minecraft:spruce_button":3,"minecraft:stick":2,"minecraft:dirt":2,"minecraft:grass":1,"minecraft:diorite":4,"minecraft:spruce_planks":4,"minecraft:wooden_axe":1,"minecraft:jungle_sapling":1,"minecraft:spider_eye":1,"minecraft:wooden_pickaxe":1,"minecraft:stone_pickaxe":5,"minecraft:iron_pickaxe":2},"minecraft:mined":{"minecraft:diamond_ore":15,"minecraft:brown_mushroom":1,"minecraft:jungle_leaves":6,"minecraft:crafting_table":12,"minecraft:granite":18,"minecraft:grass_block":5,"minecraft:melon":8,"minecraft:cobblestone":6,"minecraft:spruce_leaves":1,"minecraft:lapis_ore":17,"minecraft:sugar_cane":13,"minecraft:diorite":41,"minecraft:spawner":1,"minecraft:redstone_ore":47,"minecraft:furnace":3,"minecraft:iron_ore":227,"minecraft:wheat":1,"minecraft:spruce_log":84,"minecraft:andesite":64,"minecraft:birch_leaves":3,"minecraft:grass":16,"minecraft:coal_ore":117,"minecraft:vine":6,"minecraft:gravel":22,"minecraft:dirt":9,"minecraft:stone":660,"minecraft:gold_ore":23,"minecraft:oak_leaves":16,"minecraft:fern":3},"minecraft:killed_by":{"minecraft:creeper":1},"minecraft:used":{"minecraft:water_bucket":1,"minecraft:stone_sword":133,"minecraft:flint_and_steel":4,"minecraft:stone_pickaxe":266,"minecraft:spruce_planks":1,"minecraft:wooden_pickaxe":33,"minecraft:iron_sword":13,"minecraft:cooked_chicken":1,"minecraft:golden_apple":1,"minecraft:dirt":9,"minecraft:crafting_table":14,"minecraft:shears":12,"minecraft:spruce_boat":5,"minecraft:wooden_axe":19,"minecraft:diamond_pickaxe":54,"minecraft:iron_axe":92,"minecraft:melon_slice":4,"minecraft:iron_pickaxe":917,"minecraft:stone_axe":4,"minecraft:cobblestone":167,"minecraft:furnace":4,"minecraft:cooked_porkchop":8,"minecraft:bucket":3,"minecraft:andesite":5,"minecraft:cooked_beef":7},"minecraft:picked_up":{"minecraft:crafting_table":11,"minecraft:wheat":1,"minecraft:feather":2,"minecraft:chicken":2,"minecraft:andesite":69,"minecraft:leather":21,"minecraft:brown_mushroom":1,"minecraft:flint":1,"minecraft:dirt":11,"minecraft:lapis_lazuli":101,"minecraft:string":1,"minecraft:bone":5,"minecraft:wheat_seeds":2,"minecraft:spruce_planks":4,"minecraft:iron_ingot":48,"minecraft:beef":41,"minecraft:stone_pickaxe":2,"minecraft:cooked_chicken":1,"minecraft:iron_ore":223,"minecraft:jungle_sapling":1,"minecraft:iron_pickaxe":1,"minecraft:sugar_cane":18,"minecraft:melon_slice":41,"minecraft:furnace":3,"minecraft:gravel":35,"minecraft:porkchop":9,"minecraft:spruce_sapling":1,"minecraft:diorite":46,"minecraft:spruce_log":84,"minecraft:redstone":172,"minecraft:gold_ore":26,"minecraft:spider_eye":2,"minecraft:arrow":1,"minecraft:rotten_flesh":3,"minecraft:diamond":15,"minecraft:spruce_boat":2,"minecraft:granite":19,"minecraft:grass":1,"minecraft:spruce_button":2,"minecraft:mutton":18,"minecraft:coal":164,"minecraft:white_wool":21,"minecraft:cobblestone":671},"minecraft:broken":{"minecraft:iron_pickaxe":2}},"DataVersion":1631}