{"stats":{"minecraft:picked_up":{"minecraft:crafting_table":3,"minecraft:andesite":1,"minecraft:gravel":12,"minecraft:flint":1,"minecraft:spruce_log":19,"minecraft:redstone":13,"minecraft:gold_ore":6,"minecraft:spider_eye":1,"minecraft:lapis_lazuli":74,"minecraft:stone_pickaxe":1,"minecraft:iron_ore":54,"minecraft:coal":121,"minecraft:cobblestone":155,"minecraft:furnace":1},"minecraft:used":{"minecraft:wooden_axe":10,"minecraft:stone_sword":4,"minecraft:stone_pickaxe":198,"minecraft:iron_pickaxe":98,"minecraft:wooden_pickaxe":33,"minecraft:cobblestone":16,"minecraft:crafting_table":3,"minecraft:furnace":1,"minecraft:bucket":1},"minecraft:custom":{"minecraft:time_since_rest":38108,"minecraft:interact_with_furnace":12,"minecraft:sprint_one_cm":29717,"minecraft:damage_taken":64,"minecraft:walk_one_cm":23396,"minecraft:mob_kills":1,"minecraft:drop":1,"minecraft:damage_dealt":160,"minecraft:interact_with_crafting_table":12,"minecraft:fly_one_cm":17138,"minecraft:open_chest":2,"minecraft:play_one_minute":38108,"minecraft:crouch_one_cm":25158,"minecraft:sneak_time":9715,"minecraft:jump":194,"minecraft:leave_game":5,"minecraft:time_since_death":38108,"minecraft:walk_on_water_one_cm":1786,"minecraft:fall_one_cm":2543},"minecraft:dropped":{"minecraft:stone_pickaxe":1},"minecraft:crafted":{"minecraft:iron_chestplate":1,"minecraft:iron_boots":1,"minecraft:shield":1,"minecraft:crafting_table":1,"minecraft:spruce_planks":76,"minecraft:stick":10,"minecraft:spruce_button":1,"minecraft:wooden_pickaxe":1,"minecraft:iron_ingot":36,"minecraft:iron_helmet":1,"minecraft:iron_pickaxe":1,"minecraft:stone_pickaxe":2,"minecraft:wooden_axe":1,"minecraft:stone_sword":1,"minecraft:iron_leggings":2,"minecraft:furnace":1,"minecraft:air":0,"minecraft:flint_and_steel":1},"minecraft:killed":{"minecraft:spider":1},"minecraft:mined":{"minecraft:redstone_ore":3,"minecraft:furnace":1,"minecraft:iron_ore":52,"minecraft:spruce_log":19,"minecraft:andesite":1,"minecraft:crafting_table":3,"minecraft:coal_ore":79,"minecraft:gravel":13,"minecraft:cobblestone":2,"minecraft:lapis_ore":13,"minecraft:stone":158,"minecraft:gold_ore":6,"minecraft:spawner":1}},"DataVersion":1631}