{"stats":{"minecraft:picked_up":{"minecraft:rotten_flesh":4,"minecraft:diamond":1,"minecraft:leather":6,"minecraft:brown_mushroom":4,"minecraft:spruce_planks":28,"minecraft:iron_ingot":20,"minecraft:written_book":1,"minecraft:white_wool":6,"minecraft:dirt":6,"minecraft:cobblestone":10},"minecraft:used":{"minecraft:cobblestone":1,"minecraft:written_book":1},"minecraft:mined":{"minecraft:grass_block":2,"minecraft:farmland":1,"minecraft:grass_path":2,"minecraft:fern":1},"minecraft:killed_by":{"minecraft:player":2,"minecraft:wolf":1},"minecraft:custom":{"minecraft:time_since_rest":9138,"minecraft:play_one_minute":40233,"minecraft:crouch_one_cm":400,"minecraft:sprint_one_cm":104,"minecraft:walk_one_cm":46312,"minecraft:damage_taken":1024,"minecraft:deaths":3,"minecraft:sneak_time":348,"minecraft:jump":131,"minecraft:leave_game":5,"minecraft:time_since_death":9041,"minecraft:walk_on_water_one_cm":13,"minecraft:talked_to_villager":3,"minecraft:fall_one_cm":5675,"minecraft:fly_one_cm":1167}},"DataVersion":1631}