{"stats":{"minecraft:picked_up":{"minecraft:iron_ingot":20,"minecraft:rotten_flesh":1,"minecraft:diamond":1,"minecraft:cobblestone":10,"minecraft:spruce_planks":28},"minecraft:used":{"minecraft:cobblestone":1},"minecraft:killed_by":{"minecraft:player":1,"minecraft:wolf":1},"minecraft:custom":{"minecraft:jump":52,"minecraft:time_since_rest":7360,"minecraft:crouch_one_cm":400,"minecraft:play_one_minute":28233,"minecraft:sprint_one_cm":104,"minecraft:leave_game":5,"minecraft:deaths":2,"minecraft:damage_taken":672,"minecraft:time_since_death":6901,"minecraft:walk_one_cm":17143,"minecraft:sneak_time":273,"minecraft:talked_to_villager":3,"minecraft:fall_one_cm":1114,"minecraft:fly_one_cm":700}},"DataVersion":1631}